{
  "compile_ok": true,
  "score": [
    476,
    4208.230978913029
  ],
  "all_ok": true,
  "total_colors": 476,
  "total_time": 4208.230978913029,
  "timed_out": 0,
  "par2": 4208.230978913029
}