{
  "name": "gc_500_9",
  "final_colors": 170,
  "final_time": 1324.27,
  "trace": [
    {
      "colors": 172,
      "time": 227.912,
      "elapsed": 227.912,
      "raw": "{\"colors\": 172, \"time\": 227.912}",
      "captured_at": 1783370020.9521565
    },
    {
      "colors": 171,
      "time": 870.017,
      "elapsed": 870.017,
      "raw": "{\"colors\": 171, \"time\": 870.017}",
      "captured_at": 1783370663.0571566
    },
    {
      "colors": 170,
      "time": 1324.27,
      "elapsed": 1324.27,
      "raw": "{\"colors\": 170, \"time\": 1324.27}",
      "captured_at": 1783371117.3101566
    }
  ],
  "stdout": "170\n1 2 3 4 5 6 7 8 9 10 11 12 13 14 1 10 15 11 16 17 18 19 20 21 22 23 24 25 26 27 28 29 30 31 32 16 27 33 34 31 35 36 37 38 39 40 41 1 42 43 17 44 45 46 33 47 48 49 50 8 51 52 6 53 54 7 55 56 42 57 35 58 59 60 61 62 63 11 64 65 66 14 67 47 68 69 70 71 40 72 73 9 57 35 32 38 74 75 76 77 78 79 80 29 45 81 82 83 84 85 66 78 86 87 88 89 90 91 67 77 92 93 94 95 44 74 96 66 97 55 98 84 99 30 91 49 87 99 34 91 100 101 102 98 103 94 104 105 97 106 107 26 2 47 62 61 108 109 63 110 6 19 111 112 113 114 115 116 33 117 72 118 13 54 119 89 120 120 24 32 121 122 25 123 72 85 124 125 126 76 12 127 128 3 67 129 23 130 54 25 112 131 132 133 52 134 81 135 56 94 123 65 136 73 71 137 60 138 139 45 93 134 49 2 20 104 112 20 136 28 140 28 43 133 95 141 4 142 143 41 100 144 145 87 122 77 1 146 147 141 148 10 146 142 51 149 59 15 150 29 86 137 21 138 12 151 88 131 144 83 119 79 128 152 139 140 96 105 126 82 148 56 111 153 129 114 41 108 141 58 145 107 42 154 19 154 111 57 109 75 66 155 23 109 156 46 149 133 137 113 149 14 86 102 22 106 93 124 68 157 39 8 4 31 117 158 110 5 53 159 48 17 142 100 116 160 75 57 161 123 116 162 163 151 150 163 137 53 32 161 80 74 112 39 132 130 164 27 37 161 7 165 115 143 3 90 159 69 5 84 85 127 73 147 160 144 43 60 102 40 130 85 166 131 55 155 148 163 156 61 160 124 158 70 64 76 167 135 46 95 115 126 121 48 168 16 169 81 18 103 50 165 26 146 64 110 139 161 27 158 167 71 72 128 147 126 154 166 98 92 140 170 170 22 103 36 38 152 78 113 157 99 135 153 18 169 165 104 152 36 68 24 37 101 114 51 122 98 118 96 136 157 162 58 134 44 76 148 162 26 108 164 153 168 125 159 167 77 156 165 155 97 47 63 95 46 89 24 129 21 9 169 118 52 79 107 119 22 50 151 \n",
  "stderr": [
    "{\"colors\": 172, \"time\": 227.912}\n",
    "{\"colors\": 171, \"time\": 870.017}\n",
    "{\"colors\": 170, \"time\": 1324.27}\n"
  ],
  "exit_code": 0,
  "timed_out": false
}