{
  "name": "DSJR500.5.col",
  "final_colors": 53,
  "final_time": 340.207,
  "trace": [
    {
      "colors": 54,
      "time": 54.4095,
      "elapsed": 54.4095,
      "raw": "{\"colors\": 54, \"time\": 54.4095}",
      "captured_at": 1783450772.2559137
    },
    {
      "colors": 53,
      "time": 340.207,
      "elapsed": 340.207,
      "raw": "{\"colors\": 53, \"time\": 340.207}",
      "captured_at": 1783451058.0534139
    }
  ],
  "stdout": "53\n1 2 3 4 5 6 7 8 9 5 1 10 11 12 13 8 14 2 15 4 2 16 15 3 16 12 3 17 18 2 13 19 20 21 22 23 17 22 18 24 25 18 26 4 26 27 28 24 11 24 5 10 10 20 29 30 31 32 1 5 10 24 1 33 33 34 23 34 8 18 6 3 32 35 1 36 28 37 38 39 40 25 10 41 19 4 21 42 43 38 14 3 19 6 5 31 12 35 13 44 8 14 42 36 2 4 24 43 6 36 26 28 41 33 32 45 44 40 39 25 36 46 15 2 44 6 47 4 13 21 41 40 11 4 11 21 39 28 23 9 19 22 48 8 12 33 29 29 12 43 15 3 30 23 29 4 41 45 22 49 16 32 45 7 4 12 15 1 12 20 1 47 17 17 16 50 33 4 33 27 21 37 24 35 22 46 19 48 22 15 26 16 24 30 44 45 32 51 38 52 51 37 19 26 33 20 25 19 40 36 32 41 28 1 13 32 19 16 9 27 35 12 30 34 49 41 28 9 3 6 51 50 7 51 27 50 21 9 43 50 32 16 45 45 42 53 28 53 17 14 33 20 40 42 26 38 42 52 29 51 46 27 1 2 20 21 36 35 25 35 36 36 47 42 41 9 6 18 49 46 44 9 23 22 5 22 35 32 53 46 43 14 33 37 20 20 20 14 14 34 25 2 14 48 5 48 6 26 53 30 38 34 8 45 4 40 23 47 7 49 25 10 33 41 50 9 39 38 43 6 31 47 9 8 52 37 26 22 43 46 14 26 26 33 47 2 44 27 44 50 52 34 52 46 17 53 11 13 35 2 46 40 52 7 11 14 42 19 5 42 29 49 11 7 36 51 52 26 53 16 16 35 48 28 7 23 7 31 17 29 38 48 49 47 1 48 49 47 44 11 27 38 49 47 7 43 44 50 44 36 34 36 46 23 5 41 44 40 7 38 23 25 49 15 53 38 30 42 17 53 51 10 24 23 34 2 50 39 52 39 50 8 50 47 18 51 49 49 18 7 53 18 34 39 10 30 5 34 30 30 8 52 27 37 25 45 41 53 46 22 17 37 40 13 13 23 46 37 31 45 27 31 29 24 30 31 37 13 40 15 31 45 31 27 27 52 41 30 31 52 \n",
  "stderr": [
    "{\"colors\": 54, \"time\": 54.4095}\n",
    "{\"colors\": 53, \"time\": 340.207}\n"
  ],
  "exit_code": 0,
  "timed_out": false,
  "par2": 340.207
}