{
  "name": "gc_500_1",
  "final_colors": 15,
  "final_time": 522.7952761290362,
  "trace": [],
  "stdout": "15\n1 2 2 3 4 5 6 2 1 7 8 5 4 3 5 7 1 1 2 9 10 4 8 1 6 3 11 10 10 11 4 12 1 8 7 7 3 2 13 2 9 1 10 13 11 13 3 4 11 13 14 8 3 7 1 11 11 1 6 10 5 6 12 5 9 2 2 1 8 8 9 11 13 5 3 1 13 8 12 6 4 4 2 7 3 6 15 12 14 2 6 9 5 5 13 10 2 4 8 8 12 10 2 6 10 9 4 14 3 13 13 9 5 11 14 2 11 14 1 11 1 3 4 15 15 12 12 15 7 8 3 3 15 4 12 6 7 12 14 15 4 5 15 4 15 11 5 1 2 3 10 11 12 5 6 12 4 8 4 11 1 1 13 12 5 9 2 5 7 7 13 11 1 9 12 13 3 3 7 6 1 6 8 11 9 10 11 4 5 11 12 11 10 12 12 6 15 4 10 6 13 6 12 8 4 2 5 8 3 9 10 14 3 12 10 3 14 7 12 3 3 7 15 13 13 10 2 7 8 6 10 1 14 1 13 10 8 8 6 13 6 8 13 8 4 9 6 15 6 15 4 2 6 9 4 7 14 3 11 14 9 15 7 7 7 2 4 3 14 12 8 10 3 5 5 11 12 1 8 3 7 1 7 2 11 12 13 1 15 9 5 6 9 4 8 10 13 11 5 4 6 1 1 1 7 12 13 8 4 2 15 1 15 3 7 13 11 12 4 6 5 11 2 5 7 3 11 13 5 8 5 5 13 1 9 15 15 8 13 13 12 7 7 10 4 4 12 8 2 10 8 6 11 9 11 3 7 8 2 1 11 8 8 3 3 9 15 10 7 5 5 14 10 11 13 7 8 13 4 12 5 5 5 11 15 8 1 8 13 6 6 15 12 9 12 14 8 8 12 3 5 3 10 13 15 7 10 10 13 6 5 5 7 2 15 13 7 9 14 3 15 9 10 2 2 4 1 11 15 7 7 15 12 3 12 2 11 10 4 2 6 3 3 9 6 4 1 3 4 2 10 12 13 11 6 2 14 12 8 5 15 10 15 8 8 4 8 4 9 3 13 10 14 10 2 5 13 2 10 12 4 13 3 12 14 8 10 9 15 10 3 8 9 4 5 15 4 9 6 10 \n",
  "stderr": [],
  "exit_code": 0,
  "timed_out": false,
  "par2": 522.7952761290362
}