{
  "compile_ok": true,
  "score": [
    448,
    18570.3955155
  ],
  "all_ok": false,
  "total_colors": 448,
  "total_time": 5576.5945155,
  "timed_out": 0,
  "par2": 18570.3955155
}