{
  "compile_ok": true,
  "score": [
    448,
    18585.9959564
  ],
  "all_ok": false,
  "total_colors": 448,
  "total_time": 5180.8544564,
  "timed_out": 0,
  "par2": 18585.9959564
}