{
  "compile_ok": true,
  "score": [
    473,
    3494.5482965679976
  ],
  "all_ok": true,
  "total_colors": 473,
  "total_time": 3494.5482965679976,
  "timed_out": 0,
  "par2": 3494.5482965679976
}