{
  "name": "DSJC500.1.col",
  "final_colors": 16,
  "final_time": 338.975,
  "trace": [
    {
      "colors": 17,
      "time": 10.8156,
      "elapsed": 10.8156,
      "raw": "{\"colors\": 17, \"time\": 10.8156}",
      "captured_at": 1783446037.183674
    },
    {
      "colors": 16,
      "time": 338.975,
      "elapsed": 338.975,
      "raw": "{\"colors\": 16, \"time\": 338.975}",
      "captured_at": 1783446365.343074
    }
  ],
  "stdout": "16\n1 2 3 4 5 5 6 7 8 9 8 8 10 10 11 12 4 13 3 2 1 7 1 8 7 4 2 10 14 5 15 1 6 13 15 5 5 5 7 3 1 7 14 9 9 6 10 12 13 1 12 5 13 6 12 4 13 9 5 3 15 2 4 2 15 14 11 1 7 12 9 7 9 16 5 8 10 4 1 16 10 14 7 2 16 11 16 4 9 14 10 2 4 4 16 8 12 8 8 1 10 6 6 1 1 14 1 15 11 4 6 8 15 10 16 14 7 13 7 14 14 3 16 7 11 7 12 14 9 15 2 6 16 5 6 14 16 4 10 7 9 6 10 1 5 7 2 13 9 14 11 2 9 6 5 2 2 16 5 14 3 1 3 12 9 11 16 6 15 12 15 2 15 2 11 15 12 13 13 8 5 8 11 9 2 15 4 16 9 3 16 8 3 4 12 16 15 1 3 4 7 16 11 14 5 3 3 10 11 13 9 7 12 10 13 5 8 16 10 2 5 11 15 5 9 3 2 10 8 1 11 6 6 8 16 2 1 10 10 14 9 13 10 10 3 8 12 14 7 10 13 14 4 13 8 12 7 1 13 8 10 12 4 13 11 7 5 6 12 1 2 11 7 16 5 5 9 13 16 15 15 3 12 4 1 14 9 7 13 2 12 11 16 1 2 3 10 3 6 2 2 6 9 7 1 7 3 15 11 3 1 13 12 4 15 7 8 12 13 11 13 9 6 5 15 8 4 1 8 5 14 11 1 3 4 6 6 6 10 2 15 14 11 11 3 13 2 13 8 2 7 12 14 11 16 8 16 9 9 13 16 8 12 13 1 15 3 12 5 4 7 16 16 3 14 3 9 4 7 10 13 4 16 2 11 8 14 9 15 1 4 14 15 4 1 11 14 10 11 6 6 4 5 1 8 13 14 5 3 1 6 1 7 5 8 2 3 9 16 1 8 16 16 10 1 5 16 8 11 11 10 8 11 5 12 8 2 10 11 8 15 5 6 2 7 4 5 12 15 13 1 3 5 2 14 10 4 13 15 13 4 5 3 7 13 12 11 12 8 15 15 11 8 9 3 12 14 7 9 6 14 4 12 6 4 6 11 4 4 10 7 10 2 14 16 4 9 9 10 13 \n",
  "stderr": [
    "{\"colors\": 17, \"time\": 10.8156}\n",
    "{\"colors\": 16, \"time\": 338.975}\n"
  ],
  "exit_code": 0,
  "timed_out": false,
  "par2": 338.975
}