{
  "name": "DSJR500.5.col",
  "final_colors": 62,
  "final_time": 713.8989789130283,
  "trace": [],
  "stdout": "62\n1 2 3 1 1 4 5 6 7 8 3 9 7 10 11 12 2 8 13 14 15 16 17 18 10 19 20 17 18 1 21 22 23 24 25 26 27 7 15 28 29 24 30 31 32 33 20 34 35 15 36 1 37 38 39 12 40 41 42 6 15 34 13 43 44 45 41 29 37 46 47 48 37 19 38 11 20 12 49 27 50 51 52 12 51 39 53 23 50 50 30 51 54 4 47 43 48 55 38 25 56 22 54 57 8 49 58 59 4 46 30 16 22 14 58 55 57 35 34 1 49 10 1 8 35 59 32 17 49 36 46 47 33 60 28 14 2 57 7 34 38 40 22 59 20 60 17 43 47 50 47 25 12 41 44 47 3 15 33 20 51 31 38 38 53 38 41 7 31 22 38 24 14 7 41 24 24 14 51 60 21 37 57 19 49 25 7 22 47 29 53 14 55 46 33 43 5 32 39 30 25 27 33 44 32 32 42 15 15 11 31 47 34 61 27 13 13 49 55 61 48 28 12 37 58 45 31 51 14 41 52 16 26 42 44 51 8 51 23 13 5 57 31 10 13 51 45 14 34 61 24 51 57 23 48 21 49 16 23 43 48 34 1 40 10 21 44 33 10 40 27 19 25 1 52 40 26 23 8 62 29 56 26 35 50 2 9 44 56 26 14 42 33 26 8 35 17 3 11 43 6 8 50 45 50 13 18 20 6 45 1 43 23 17 13 21 16 4 5 62 52 50 12 20 19 36 51 42 41 56 58 36 36 35 29 29 62 20 34 6 47 17 25 19 19 57 11 56 28 40 5 33 4 60 20 45 22 2 62 39 48 21 4 25 49 2 60 12 57 25 9 29 58 53 59 21 18 32 30 10 33 3 31 16 35 40 62 36 11 47 35 36 59 4 48 13 28 11 28 58 14 62 9 47 34 25 31 10 41 22 38 12 48 2 58 58 40 35 17 45 52 59 29 41 4 56 19 36 21 45 15 52 39 40 58 39 53 9 48 27 37 60 1 28 13 28 59 28 53 53 7 9 9 7 27 62 45 58 6 28 56 60 33 55 42 19 39 2 18 44 48 21 21 52 6 40 29 21 62 36 29 48 18 46 18 42 39 4 43 18 23 53 13 39 18 37 56 60 56 52 \n",
  "stderr": [],
  "exit_code": 0,
  "timed_out": false,
  "par2": 713.8989789130283
}