{
  "compile_ok": true,
  "score": [
    448,
    18578.0523636
  ],
  "all_ok": false,
  "total_colors": 448,
  "total_time": 5228.4267636,
  "timed_out": 0,
  "par2": 18578.0523636
}