{
  "compile_ok": true,
  "score": [
    448,
    18602.8241817
  ],
  "all_ok": false,
  "total_colors": 448,
  "total_time": 5302.980881699999,
  "timed_out": 0,
  "par2": 18602.8241817
}