{
  "compile_ok": true,
  "score": [
    451,
    4137.397670562006
  ],
  "all_ok": true,
  "total_colors": 451,
  "total_time": 4137.397670562006,
  "timed_out": 0,
  "par2": 4137.397670562006
}