{
  "name": "DSJC500.1.col",
  "final_colors": 15,
  "final_time": 492.52407530898927,
  "trace": [],
  "stdout": "15\n1 2 2 3 4 5 3 6 7 8 9 9 10 8 3 11 12 3 5 5 13 2 2 8 3 13 2 8 3 5 1 7 7 8 2 11 6 14 7 4 1 8 11 7 5 10 5 14 4 2 5 1 12 1 8 7 15 11 4 11 14 12 9 7 14 10 10 9 4 12 8 13 11 2 7 11 2 13 14 6 1 11 3 12 3 8 3 7 1 14 13 7 10 13 13 1 13 9 10 9 3 12 4 5 10 12 9 11 9 4 1 10 7 10 6 9 5 4 9 8 7 5 13 6 1 12 14 14 6 11 5 12 8 15 12 2 1 12 4 10 7 9 2 14 5 10 13 1 2 10 4 3 10 4 14 7 6 8 3 12 8 9 2 4 10 1 12 1 10 15 11 14 12 4 14 8 13 5 5 2 11 6 14 2 6 3 13 7 13 14 11 12 8 7 1 11 15 13 9 14 7 10 5 6 14 10 5 12 9 1 10 11 5 1 9 11 11 13 11 5 12 10 3 7 12 10 4 7 9 14 4 10 3 8 11 9 14 13 3 9 13 11 7 14 12 14 9 1 8 13 1 12 14 1 10 2 9 13 8 14 7 12 13 3 15 4 5 12 13 8 4 10 4 2 3 4 6 5 3 13 5 6 13 3 7 1 4 15 1 1 4 4 5 5 13 8 2 1 12 5 4 2 11 7 6 5 2 7 3 11 1 7 7 11 8 5 5 14 10 14 8 4 1 1 12 6 9 9 2 7 6 8 7 2 14 12 14 7 3 7 14 8 14 4 2 14 1 1 7 8 10 5 12 5 11 11 2 4 14 12 1 1 11 1 12 12 6 1 3 3 10 11 15 7 8 9 4 6 15 7 13 12 14 11 3 12 11 2 5 9 3 9 9 13 3 10 13 8 12 11 14 13 10 5 4 2 10 7 8 11 11 9 3 2 9 6 3 8 4 13 4 1 11 7 15 14 15 9 9 1 9 8 2 11 3 1 9 6 15 11 8 10 13 7 14 10 12 8 5 5 15 1 9 13 5 11 10 2 10 7 6 9 2 10 11 9 5 15 14 12 10 7 14 8 4 8 12 9 1 2 15 11 4 5 3 14 13 5 12 4 14 3 12 8 10 9 5 6 2 5 \n",
  "stderr": [],
  "exit_code": 0,
  "timed_out": false,
  "par2": 492.52407530898927
}