{
  "name": "DSJR500.5.col",
  "final_colors": 53,
  "final_time": 46.7604,
  "trace": [
    {
      "colors": 54,
      "time": 21.2271,
      "elapsed": 21.2271,
      "raw": "{\"colors\": 54, \"time\": 21.2271}",
      "captured_at": 1783448825.0097754
    },
    {
      "colors": 53,
      "time": 46.7604,
      "elapsed": 46.7604,
      "raw": "{\"colors\": 53, \"time\": 46.7604}",
      "captured_at": 1783448850.5430756
    }
  ],
  "stdout": "53\n1 2 3 4 5 6 7 5 6 8 9 10 11 12 13 14 15 16 17 18 19 20 21 22 23 6 11 1 22 24 25 10 26 13 27 2 28 29 30 31 32 8 33 26 26 34 20 33 34 35 5 21 2 10 31 36 37 1 9 25 25 38 9 7 7 15 21 20 11 23 39 12 37 7 30 3 11 40 13 6 24 34 21 41 42 40 40 6 13 24 3 1 30 43 37 21 44 41 25 17 42 16 45 31 21 24 13 42 34 46 14 31 42 4 24 5 14 10 31 42 1 10 38 24 5 47 48 47 11 44 49 33 43 7 49 11 39 5 31 12 29 35 10 21 43 44 36 36 37 13 50 29 41 48 50 49 51 29 4 2 50 49 37 38 31 52 12 1 47 38 9 28 41 30 7 38 18 34 49 51 14 3 21 14 27 10 31 16 11 9 10 25 23 17 4 49 43 53 28 44 29 23 14 38 22 28 53 29 30 27 16 37 9 19 29 37 35 52 1 4 20 2 45 20 6 32 7 50 31 43 15 17 49 35 22 1 35 50 24 17 24 32 29 18 44 8 40 50 10 46 47 52 8 1 36 51 42 44 11 17 33 4 1 17 53 19 23 28 27 42 37 17 53 21 42 51 48 53 1 35 26 33 34 25 38 52 8 49 13 45 27 13 28 32 4 26 23 3 46 12 23 2 33 40 9 48 43 12 36 19 37 16 26 19 47 49 41 18 17 39 26 13 11 48 36 12 50 50 32 10 48 27 51 22 48 41 50 11 50 53 34 36 52 45 33 39 51 34 2 16 47 14 26 27 28 52 36 50 9 24 14 41 46 7 34 7 34 17 46 48 41 29 39 32 48 35 38 39 32 53 32 8 40 19 22 52 5 15 2 36 19 53 51 15 40 18 43 39 12 22 27 5 15 20 31 23 53 17 32 38 20 39 40 15 15 47 3 30 33 39 9 2 19 9 22 4 10 48 30 40 35 46 38 46 43 44 24 41 33 46 52 46 12 47 23 5 47 19 25 51 8 44 14 30 40 8 45 6 16 38 16 18 3 41 33 2 34 8 51 45 41 41 51 28 16 36 23 9 28 27 6 45 25 46 45 6 18 18 5 51 16 4 6 12 42 19 43 28 4 18 \n",
  "stderr": [
    "{\"colors\": 54, \"time\": 21.2271}\n",
    "{\"colors\": 53, \"time\": 46.7604}\n"
  ],
  "exit_code": 0,
  "timed_out": false,
  "par2": 46.7604
}