{
  "name": "DSJC500.1.col",
  "final_colors": 18,
  "final_time": 340.60151444998337,
  "trace": [],
  "stdout": "18\n9 10 15 1 14 3 3 8 6 14 17 10 11 2 15 9 13 5 11 5 1 6 6 7 3 16 10 8 15 10 6 9 3 4 2 15 9 11 3 6 1 11 10 9 1 4 10 13 16 1 8 3 10 10 5 2 5 5 11 5 11 1 7 9 8 1 12 1 8 4 4 5 8 9 9 3 10 7 12 8 12 17 5 3 16 6 13 17 11 15 13 7 2 14 8 13 3 7 5 7 14 11 1 2 7 13 3 12 11 14 7 10 13 2 10 14 9 4 10 1 4 3 4 9 6 6 11 13 11 1 4 5 3 8 6 1 11 13 2 4 16 7 12 5 12 2 10 5 7 8 6 3 7 2 13 11 3 8 2 2 8 7 18 7 13 3 5 12 9 8 8 3 16 4 13 6 14 10 9 16 11 16 11 6 15 15 12 10 5 4 6 3 10 15 12 7 3 1 7 13 4 6 10 7 1 8 6 12 3 15 8 8 12 1 10 6 10 1 8 9 10 11 5 8 15 1 7 6 12 1 8 1 15 6 8 12 9 11 10 13 12 8 9 6 6 12 2 10 2 14 13 2 6 5 4 2 9 11 5 3 3 15 4 1 10 7 15 2 5 7 12 2 9 4 2 8 12 12 9 14 16 4 7 3 10 10 3 10 3 3 3 8 6 8 15 4 14 5 11 17 9 4 13 17 16 9 2 11 17 8 1 5 3 1 7 1 13 1 6 15 5 9 5 12 4 4 17 4 2 14 8 12 9 7 9 7 4 4 14 5 9 5 9 11 7 13 12 1 3 13 7 3 9 16 1 9 4 2 5 11 4 6 7 5 1 8 14 10 5 4 6 4 11 1 14 3 5 16 4 9 9 11 4 5 13 10 2 14 16 1 2 11 12 15 1 4 11 3 6 9 2 4 6 5 3 5 5 6 14 1 15 14 7 15 10 4 15 7 4 10 14 13 1 2 6 5 2 7 15 4 13 2 3 12 2 14 4 2 2 6 1 4 2 3 6 9 13 6 8 5 7 5 11 6 9 7 7 4 2 10 7 7 2 6 10 14 1 3 11 1 8 10 9 7 12 1 10 9 11 3 3 15 12 11 7 2 1 1 3 2 7 10 6 16 3 7 16 7 5 9 \n",
  "stderr": [],
  "exit_code": 0,
  "timed_out": false,
  "par2": 340.60151444998337
}