{
  "name": "DSJR500.5.col",
  "final_colors": 62,
  "final_time": 572.9237821180141,
  "trace": [],
  "stdout": "62\n17 4 53 17 17 24 59 39 10 34 53 23 10 49 52 26 4 34 5 7 14 55 41 42 49 15 21 41 42 17 31 8 46 60 13 54 35 10 14 16 2 60 56 36 57 43 21 3 28 14 47 17 37 12 19 26 38 25 51 39 14 3 5 50 40 18 25 2 37 58 6 20 37 15 12 52 21 26 44 35 29 32 1 26 32 19 27 46 29 29 56 32 62 24 6 50 20 48 12 13 33 8 62 45 34 44 11 22 24 58 56 55 8 7 11 48 45 28 3 17 44 49 17 34 28 22 57 41 44 47 58 6 43 30 16 7 4 45 10 3 12 38 8 22 21 30 41 50 6 29 6 13 26 25 40 6 53 14 43 21 32 36 12 12 27 12 25 10 36 8 12 60 7 10 25 60 60 7 32 30 31 37 45 15 44 13 10 8 6 2 27 7 48 58 43 50 59 57 19 56 13 35 43 40 57 57 51 14 14 52 36 6 3 61 35 5 5 44 48 61 20 16 26 37 11 18 36 32 7 25 1 55 54 51 40 32 34 32 46 5 59 45 36 49 5 32 18 7 3 61 60 32 45 46 20 31 44 55 46 50 20 3 17 38 49 31 40 43 49 38 35 15 13 17 1 38 54 46 34 9 2 33 54 28 29 4 23 40 33 54 7 51 43 54 34 28 41 53 52 50 39 34 29 18 29 5 42 21 39 18 17 50 46 41 5 31 55 24 59 9 1 29 26 21 15 47 32 51 25 33 11 47 47 28 2 2 9 21 3 39 6 41 13 15 15 45 52 33 16 38 59 43 24 30 21 18 8 4 9 19 20 31 24 13 44 4 30 26 45 13 23 2 11 27 22 31 42 57 56 49 43 53 36 55 28 38 9 47 52 6 28 47 22 24 20 5 16 52 16 11 7 9 23 6 3 13 36 49 25 8 12 26 20 4 11 11 38 28 41 18 1 22 2 25 24 33 15 47 31 18 14 1 19 38 11 19 27 23 20 35 37 30 17 16 5 16 22 16 27 27 10 23 23 10 35 9 18 11 39 16 33 30 43 48 51 15 19 4 42 40 20 31 31 1 39 38 2 31 9 47 2 20 42 58 42 51 19 24 50 42 46 27 5 19 42 37 33 30 33 1 \n",
  "stderr": [],
  "exit_code": 0,
  "timed_out": false,
  "par2": 572.9237821180141
}