{
  "name": "DSJC500.1.col",
  "final_colors": 16,
  "final_time": 75.859,
  "trace": [
    {
      "colors": 17,
      "time": 9.69572,
      "elapsed": 9.69572,
      "raw": "{\"colors\": 17, \"time\": 9.69572}",
      "captured_at": 1783444891.7304468
    },
    {
      "colors": 16,
      "time": 75.859,
      "elapsed": 75.859,
      "raw": "{\"colors\": 16, \"time\": 75.859}",
      "captured_at": 1783444957.8937268
    }
  ],
  "stdout": "16\n1 2 2 3 2 4 5 6 5 7 8 1 1 2 9 10 11 1 8 7 1 12 13 6 13 14 11 12 10 15 10 14 12 5 11 6 14 16 15 8 7 15 13 12 2 4 3 9 7 13 6 14 11 4 1 13 7 6 14 13 11 2 12 13 10 10 3 16 7 8 3 13 16 6 9 15 1 9 16 14 3 7 11 11 16 9 16 15 3 16 3 12 4 6 6 14 14 4 5 14 8 10 9 6 12 10 6 1 16 9 1 3 1 3 4 1 6 13 13 8 12 13 16 2 12 12 1 6 2 8 4 7 15 8 4 13 10 12 1 2 4 8 7 12 4 5 5 15 9 4 12 7 15 7 8 16 10 6 14 14 11 13 11 6 4 10 4 13 5 1 7 16 4 16 14 5 9 10 6 8 15 4 9 13 6 5 16 7 7 8 16 8 1 15 2 1 16 6 13 10 4 3 15 10 15 4 7 2 10 15 8 10 14 10 14 9 8 1 16 2 15 3 2 14 2 3 16 8 3 14 13 2 4 5 14 1 10 3 1 6 9 15 2 8 11 8 15 10 13 5 16 16 13 2 5 1 8 2 10 7 7 1 2 5 11 5 2 1 1 16 7 2 5 14 8 8 9 15 15 11 5 10 1 14 2 6 3 11 4 2 16 3 9 9 13 9 5 3 5 13 15 14 13 5 11 9 11 1 14 12 3 2 8 8 9 4 10 9 9 5 14 10 9 1 2 8 3 10 5 6 16 12 11 15 6 16 12 6 1 12 11 10 2 12 4 8 13 10 12 15 13 15 9 15 14 11 7 2 10 4 7 10 3 7 6 4 11 15 3 13 11 1 16 4 8 3 7 13 1 10 11 9 6 3 10 11 2 12 3 13 3 9 13 15 2 11 5 10 12 3 9 11 5 3 5 11 7 7 5 8 9 9 12 14 16 15 14 3 6 4 3 13 16 8 13 15 12 10 13 16 11 10 12 9 1 6 5 1 12 9 11 14 8 4 3 3 11 15 10 9 15 5 6 9 8 3 3 1 4 12 16 9 5 5 4 11 9 15 16 7 13 4 6 7 2 12 1 16 3 16 5 6 9 10 13 6 12 6 15 8 2 11 7 8 12 5 4 7 11 8 \n",
  "stderr": [
    "{\"colors\": 17, \"time\": 9.69572}\n",
    "{\"colors\": 16, \"time\": 75.859}\n"
  ],
  "exit_code": 0,
  "timed_out": false,
  "par2": 75.859
}