{
  "name": "DSJR500.5.col",
  "final_colors": 60,
  "final_time": 414.063,
  "trace": [
    {
      "colors": 61,
      "time": 192.092,
      "elapsed": 192.092,
      "raw": "{\"colors\": 61, \"time\": 192.092}",
      "captured_at": 1783445074.126382
    },
    {
      "colors": 60,
      "time": 414.063,
      "elapsed": 414.063,
      "raw": "{\"colors\": 60, \"time\": 414.063}",
      "captured_at": 1783445296.097382
    }
  ],
  "stdout": "60\n1 2 3 4 5 6 7 8 9 10 11 12 7 13 14 15 16 10 17 18 19 6 8 8 20 21 1 22 11 23 24 25 1 26 27 28 29 10 30 31 12 4 32 9 33 34 35 5 36 5 30 37 38 39 19 33 40 41 7 16 16 7 27 42 6 22 43 44 3 45 38 29 12 17 26 43 34 46 35 4 10 47 48 49 9 33 50 44 19 18 51 42 52 32 50 5 51 47 25 31 53 1 54 41 19 37 7 30 16 17 35 51 38 46 37 53 50 1 47 17 42 13 27 37 15 52 55 51 23 37 24 31 56 13 36 13 25 2 9 4 22 41 16 29 44 13 6 6 7 2 7 19 41 28 21 24 1 22 39 56 57 35 23 25 9 51 11 1 39 21 35 52 17 58 34 26 17 53 53 58 52 15 40 45 58 27 51 50 27 57 52 27 42 18 3 3 34 49 42 59 3 3 27 47 18 52 8 22 10 8 22 59 45 9 3 57 22 51 51 53 44 20 36 55 26 12 29 42 19 47 57 46 28 41 55 35 52 19 36 23 38 60 16 24 18 28 32 18 28 48 4 20 19 57 48 2 49 36 39 18 58 59 14 47 34 47 55 49 18 40 39 43 28 8 24 60 9 46 53 33 43 26 6 26 19 28 12 37 17 37 57 26 1 39 45 26 4 34 18 55 48 45 58 27 54 59 43 20 38 36 40 22 14 49 57 54 29 54 46 14 26 41 54 21 55 60 34 54 39 6 1 60 12 59 23 5 34 13 41 32 58 52 3 17 17 25 2 31 56 46 32 11 6 18 60 15 36 15 52 37 15 44 59 10 10 26 58 32 41 9 44 14 36 20 47 32 11 31 59 11 33 31 10 38 58 28 14 50 31 48 31 60 54 6 58 55 31 40 20 56 8 2 53 7 45 3 46 32 16 21 44 32 21 42 56 12 15 36 48 60 37 48 20 4 59 14 30 60 18 33 38 41 30 33 14 42 56 50 59 8 29 33 54 56 57 25 60 31 10 36 23 4 44 6 56 50 40 11 58 29 30 54 12 2 24 12 45 25 30 49 29 56 40 11 43 55 50 43 2 60 53 49 25 24 50 8 24 45 33 42 46 23 45 40 49 11 4 37 32 53 \n",
  "stderr": [
    "{\"colors\": 61, \"time\": 192.092}\n",
    "{\"colors\": 60, \"time\": 414.063}\n"
  ],
  "exit_code": 0,
  "timed_out": false,
  "par2": 414.063
}