{
  "name": "gc_500_1",
  "final_colors": 16,
  "final_time": 141.049,
  "trace": [
    {
      "colors": 17,
      "time": 62.9387,
      "elapsed": 62.9387,
      "raw": "{\"colors\": 17, \"time\": 62.9387}",
      "captured_at": 1783444944.9798255
    },
    {
      "colors": 16,
      "time": 141.049,
      "elapsed": 141.049,
      "raw": "{\"colors\": 16, \"time\": 141.049}",
      "captured_at": 1783445023.0901256
    }
  ],
  "stdout": "16\n1 2 2 3 4 5 6 2 7 8 3 1 9 3 10 3 8 6 11 12 8 12 1 1 13 7 6 14 2 3 9 15 13 8 6 6 6 14 4 4 3 10 12 6 14 9 16 14 14 9 6 11 12 7 15 11 9 8 12 11 9 1 15 12 10 14 4 13 4 11 12 5 3 5 7 16 14 1 7 16 15 10 5 13 14 7 8 13 12 6 8 16 3 10 9 13 2 11 12 16 9 5 13 8 5 1 5 16 10 10 12 9 10 4 16 15 15 3 2 7 12 5 4 15 16 13 2 3 8 8 10 16 7 1 15 1 1 2 11 11 3 1 4 8 3 5 7 11 6 14 12 11 3 15 2 14 15 16 4 9 11 11 1 7 10 5 1 1 15 2 14 13 13 10 5 6 10 9 4 5 7 16 11 5 15 9 7 13 6 8 13 7 1 7 13 4 12 13 12 11 10 12 8 3 14 12 14 9 3 7 15 2 7 5 9 16 6 6 9 3 3 4 3 15 6 5 7 4 10 11 12 12 5 4 10 5 12 5 5 2 13 16 14 3 14 14 12 15 8 11 12 13 6 3 4 6 2 6 14 16 5 4 7 4 11 13 3 7 1 13 1 2 8 7 8 6 9 4 15 12 9 15 2 9 6 1 4 12 1 15 7 15 10 5 1 5 8 11 10 13 8 14 12 6 1 16 2 8 13 3 2 1 12 7 5 6 11 16 11 9 9 15 13 10 4 9 14 8 10 2 5 11 10 14 16 12 1 16 13 8 5 13 15 16 3 16 5 1 14 13 16 8 14 4 16 7 16 4 10 6 14 8 10 4 14 1 9 2 6 4 14 14 15 7 14 13 11 11 9 13 3 15 6 5 10 3 15 1 14 8 14 14 16 15 13 7 5 13 2 16 10 13 10 5 9 6 2 15 6 1 10 10 4 6 4 10 1 8 11 16 7 15 9 12 6 6 5 3 10 7 7 15 2 2 9 13 7 11 3 2 2 6 15 1 9 16 6 8 3 13 15 2 5 9 8 5 10 8 11 9 9 8 3 16 3 9 9 4 7 3 9 4 2 4 2 10 7 1 9 16 14 13 16 9 14 13 3 16 12 16 7 9 1 7 13 4 4 3 16 5 \n",
  "stderr": [
    "{\"colors\": 17, \"time\": 62.9387}\n",
    "{\"colors\": 16, \"time\": 141.049}\n"
  ],
  "exit_code": 0,
  "timed_out": false,
  "par2": 141.049
}