{
  "name": "DSJC500.1.col",
  "final_colors": 15,
  "final_time": 151.467,
  "trace": [
    {
      "colors": 16,
      "time": 11.3831,
      "elapsed": 11.3831,
      "raw": "{\"colors\": 16, \"time\": 11.3831}",
      "captured_at": 1783381277.908701
    },
    {
      "colors": 15,
      "time": 151.467,
      "elapsed": 151.467,
      "raw": "{\"colors\": 15, \"time\": 151.467}",
      "captured_at": 1783381417.992601
    }
  ],
  "stdout": "15\n1 2 3 4 3 5 4 5 1 3 2 4 6 7 2 6 3 8 8 7 9 7 2 5 3 10 8 11 4 1 8 9 6 12 1 6 10 7 11 13 14 14 11 8 1 15 4 10 6 4 15 11 3 11 11 14 2 1 9 6 11 4 7 4 8 13 8 14 8 12 15 5 2 15 13 13 13 5 13 7 12 4 7 3 13 4 7 2 8 14 11 2 14 11 6 11 8 2 7 8 6 1 7 2 13 12 3 3 5 15 4 7 10 7 5 4 3 12 6 12 2 14 15 15 10 11 5 5 6 5 11 8 14 11 12 13 14 3 10 7 8 2 9 2 15 3 11 7 4 10 6 4 9 13 14 6 3 13 4 12 6 6 1 9 11 7 1 14 14 5 11 13 12 6 5 9 15 10 14 14 14 7 15 2 3 3 11 13 4 4 13 5 11 5 5 13 14 4 5 8 15 12 10 1 8 5 10 13 6 3 1 2 1 4 9 10 1 12 12 5 9 6 12 1 15 7 8 10 13 4 11 1 7 14 4 4 14 3 4 6 15 4 12 5 12 8 6 4 5 2 5 12 10 7 7 10 12 13 6 10 3 1 4 10 10 13 15 2 2 11 11 5 1 7 12 7 10 11 15 1 12 2 2 3 11 3 14 3 14 1 7 12 10 10 4 15 11 14 1 1 14 6 1 11 11 15 8 9 6 3 1 15 10 9 6 1 14 2 7 7 5 8 8 2 6 12 11 12 15 9 11 15 5 14 6 10 12 14 6 12 15 8 6 6 13 4 9 14 9 12 11 9 3 14 6 12 2 8 8 3 9 9 2 1 1 13 14 13 1 15 14 15 12 13 13 10 8 2 14 8 10 3 15 12 12 11 13 14 12 8 10 12 12 3 9 15 7 2 12 4 10 15 1 1 8 3 11 8 5 2 10 5 9 7 2 7 15 8 8 4 12 11 3 11 13 10 12 14 7 14 6 2 7 4 4 9 4 9 10 4 14 8 6 9 13 11 5 9 9 15 9 8 6 6 3 10 14 15 13 3 15 6 13 12 4 9 14 9 7 4 11 2 15 5 13 4 2 13 7 13 10 1 5 9 15 13 5 3 9 2 2 13 9 11 7 5 6 10 8 1 \n",
  "stderr": [
    "{\"colors\": 16, \"time\": 11.3831}\n",
    "{\"colors\": 15, \"time\": 151.467}\n"
  ],
  "exit_code": 0,
  "timed_out": false
}