{
  "name": "gc_500_1",
  "final_colors": 16,
  "final_time": 9.89895,
  "trace": [
    {
      "colors": 17,
      "time": 0.0153083,
      "elapsed": 0.0153083,
      "raw": "{\"colors\": 17, \"time\": 0.0153083}",
      "captured_at": 1783381266.546324
    },
    {
      "colors": 16,
      "time": 9.89895,
      "elapsed": 9.89895,
      "raw": "{\"colors\": 16, \"time\": 9.89895}",
      "captured_at": 1783381276.4299657
    }
  ],
  "stdout": "16\n1 2 3 4 5 2 6 7 3 8 2 9 10 2 11 12 10 8 6 10 12 5 13 12 3 11 3 4 9 11 14 6 9 7 8 3 3 3 10 8 15 16 9 4 15 15 7 15 5 5 14 14 4 14 15 14 11 10 14 1 1 6 13 14 7 13 5 16 1 15 8 13 12 7 1 6 15 10 6 1 5 10 5 5 8 1 11 13 6 13 1 14 14 2 16 13 11 16 9 12 14 15 2 2 10 16 8 10 1 6 3 2 1 9 3 3 9 2 14 11 3 15 9 2 10 4 13 6 10 3 1 16 7 12 5 15 1 15 9 15 6 8 11 10 10 15 13 11 9 12 7 15 13 2 8 3 12 4 14 4 14 8 5 11 9 11 6 5 8 4 6 16 16 6 12 16 8 12 6 7 10 13 12 11 9 11 14 16 15 1 1 13 5 13 11 6 15 16 10 12 1 11 2 12 7 9 5 11 12 3 7 6 13 15 3 6 8 15 16 11 13 12 8 14 12 14 13 9 7 16 8 16 5 9 1 12 3 1 5 7 11 3 16 1 2 12 3 8 7 7 8 10 15 1 10 2 15 11 12 13 1 7 4 8 8 9 4 6 4 13 11 4 4 1 2 13 11 4 14 12 16 6 4 11 4 11 2 7 10 4 13 3 16 15 5 6 12 16 8 11 1 6 15 9 5 4 9 10 10 3 1 12 12 14 14 12 12 15 5 8 13 11 6 8 15 4 5 16 13 3 3 14 10 16 9 2 8 7 9 15 14 13 1 5 1 14 1 12 1 4 7 16 8 16 16 15 7 12 6 4 8 11 10 9 6 3 16 9 6 1 1 3 9 4 14 16 2 1 2 9 8 7 14 6 16 4 9 9 2 15 14 7 12 10 6 13 5 7 11 8 5 2 15 9 10 7 14 7 3 15 1 2 11 14 11 12 14 15 4 4 2 6 10 1 2 6 16 4 10 11 9 7 13 5 5 12 5 8 15 10 3 3 13 13 9 13 8 10 7 3 8 4 1 5 4 10 9 13 7 14 10 14 7 3 2 10 2 15 4 15 13 4 8 11 9 1 2 1 8 10 4 6 13 7 4 2 3 14 7 5 3 5 8 15 8 9 15 4 6 2 \n",
  "stderr": [
    "{\"colors\": 17, \"time\": 0.0153083}\n",
    "{\"colors\": 16, \"time\": 9.89895}\n"
  ],
  "exit_code": 0,
  "timed_out": false
}