{
  "name": "DSJC500.9.col",
  "final_colors": 164,
  "final_time": 0.032921,
  "trace": [
    {
      "colors": 164,
      "time": 0.032921,
      "elapsed": 0.032921,
      "raw": "{\"colors\": 164, \"time\": 0.032921}",
      "captured_at": 1783367909.56906
    }
  ],
  "stdout": "164\n1 2 3 4 5 6 7 8 9 10 11 12 13 14 15 16 17 18 19 8 20 21 6 22 23 24 25 26 27 19 28 29 30 31 32 33 34 27 35 36 37 22 15 38 39 40 41 42 43 44 45 46 47 48 49 50 51 52 53 46 7 54 55 56 57 58 59 60 15 61 41 2 10 62 54 10 63 64 65 45 45 66 38 67 12 39 68 28 48 69 55 70 71 72 73 74 75 20 51 76 77 33 78 79 24 52 80 3 81 82 83 84 26 58 85 86 87 3 35 65 88 89 46 90 89 91 92 93 37 94 43 95 96 97 98 99 56 31 100 101 102 103 64 100 104 98 95 105 106 80 57 107 108 75 109 49 110 57 67 111 11 112 41 86 18 113 110 114 24 23 115 72 116 25 76 117 98 118 62 119 120 87 117 121 122 107 123 113 102 124 125 77 83 115 126 56 87 127 22 128 69 107 129 130 111 40 35 131 99 96 80 132 32 120 75 100 133 112 99 73 101 134 135 136 8 137 138 123 10 139 137 110 140 115 106 101 7 70 9 141 18 142 109 143 77 70 70 13 29 19 14 117 114 81 130 31 132 141 144 11 145 1 66 146 147 84 119 73 92 118 148 119 36 94 149 38 34 77 65 150 151 85 151 92 73 96 74 94 78 152 42 12 72 49 47 140 14 52 153 87 154 25 97 93 60 50 1 50 44 136 104 68 8 104 121 103 89 155 136 66 63 36 119 49 106 156 67 90 68 145 62 132 30 111 29 60 88 149 156 157 83 158 155 71 59 143 130 113 33 146 32 64 20 147 159 120 124 134 126 148 128 154 9 110 160 122 150 4 43 49 116 139 161 151 82 116 55 60 47 53 82 91 17 135 161 123 60 84 5 109 142 158 95 127 105 22 125 57 162 35 88 21 51 23 159 6 148 162 133 1 137 85 138 40 121 63 76 150 23 138 74 80 136 129 97 114 28 151 4 90 158 143 152 105 34 139 21 123 16 108 102 93 157 89 54 162 156 103 42 61 20 129 127 163 138 39 58 26 153 66 147 144 108 125 48 163 153 79 155 128 124 134 124 54 103 75 62 83 79 145 86 30 86 44 17 81 39 157 59 144 53 4 164 114 61 78 164 135 91 16 \n",
  "stderr": [
    "{\"colors\": 164, \"time\": 0.032921}\n"
  ],
  "exit_code": 0,
  "timed_out": false
}