{
  "name": "gc_500_9",
  "final_colors": 169,
  "final_time": 0.0323628,
  "trace": [
    {
      "colors": 169,
      "time": 0.0323628,
      "elapsed": 0.0323628,
      "raw": "{\"colors\": 169, \"time\": 0.0323628}",
      "captured_at": 1783367909.575243
    }
  ],
  "stdout": "169\n1 2 3 4 5 6 7 8 9 10 11 12 13 14 15 16 17 18 19 20 21 22 23 24 25 26 27 28 29 30 31 32 33 34 35 36 37 22 38 39 40 41 23 42 43 44 22 45 46 47 48 49 50 51 52 45 53 35 51 54 55 56 6 57 58 59 60 61 62 63 64 65 9 66 57 67 68 69 70 33 71 72 73 74 75 76 76 77 78 79 80 81 82 83 50 31 84 85 11 74 86 87 88 32 89 32 90 13 58 91 92 44 93 57 94 95 85 96 78 97 98 99 43 100 38 32 88 101 102 103 104 70 19 25 40 105 20 106 107 108 109 96 110 34 111 100 112 5 113 22 114 115 116 117 45 84 118 29 51 119 6 6 76 120 14 119 121 122 123 124 67 125 126 127 128 39 129 130 52 88 87 17 69 118 131 24 99 132 133 110 134 18 82 135 121 44 54 136 136 113 113 126 8 72 109 137 27 68 138 36 4 15 10 139 67 121 140 141 63 142 143 26 77 73 41 28 35 66 139 38 144 139 122 72 100 145 146 51 131 147 148 125 149 25 86 42 135 47 150 141 101 151 9 152 153 60 130 154 118 145 116 155 146 23 143 156 137 53 157 158 128 159 153 160 106 114 94 153 82 161 137 61 138 117 24 158 89 80 46 152 52 91 154 113 40 123 117 111 108 3 162 103 54 98 112 137 122 83 14 13 30 111 89 27 154 76 93 99 120 140 10 37 114 120 27 163 119 60 48 103 164 48 156 133 136 31 81 92 148 132 124 105 33 127 55 165 104 69 58 49 88 150 34 102 4 3 138 142 102 105 13 160 129 8 64 127 38 93 5 1 106 66 116 147 56 37 9 115 166 167 155 112 101 54 50 14 74 43 97 83 19 115 163 164 29 40 49 68 151 73 144 90 59 46 134 80 39 85 41 155 162 97 26 110 142 70 31 15 148 163 62 42 79 78 56 16 82 147 63 143 145 164 42 141 62 2 61 77 7 98 16 21 158 168 125 87 126 166 1 2 75 18 90 96 123 169 69 63 36 94 11 140 21 161 86 65 169 59 129 87 53 95 65 55 109 21 151 165 107 109 157 150 79 135 149 132 159 104 157 146 81 77 144 134 71 75 128 94 156 15 \n",
  "stderr": [
    "{\"colors\": 169, \"time\": 0.0323628}\n"
  ],
  "exit_code": 0,
  "timed_out": false
}