{
  "compile_ok": true,
  "score": [
    450,
    2243.0528838
  ],
  "all_ok": true,
  "total_colors": 450,
  "total_time": 2243.0528838
}