{
  "name": "DSJC500.1.col",
  "final_colors": 14,
  "final_time": 0.0291862,
  "trace": [
    {
      "colors": 17,
      "time": 0.01852,
      "elapsed": 0.01852,
      "raw": "{\"colors\": 17, \"time\": 0.01852}",
      "captured_at": 1783382701.458317
    },
    {
      "colors": 16,
      "time": 0.0204005,
      "elapsed": 0.0204005,
      "raw": "{\"colors\": 16, \"time\": 0.0204005}",
      "captured_at": 1783382701.4601974
    },
    {
      "colors": 15,
      "time": 0.0242347,
      "elapsed": 0.0242347,
      "raw": "{\"colors\": 15, \"time\": 0.0242347}",
      "captured_at": 1783382701.4640317
    },
    {
      "colors": 14,
      "time": 0.0291862,
      "elapsed": 0.0291862,
      "raw": "{\"colors\": 14, \"time\": 0.0291862}",
      "captured_at": 1783382701.4689832
    }
  ],
  "stdout": "14\n1 2 3 4 4 5 4 6 6 7 6 7 3 1 6 1 8 9 3 2 10 11 5 7 10 3 1 12 7 2 2 6 13 10 2 7 9 13 8 1 7 5 3 5 2 14 4 9 13 5 5 14 2 9 3 1 9 9 13 9 11 3 13 9 3 2 10 6 11 13 12 11 8 1 7 13 9 10 3 5 1 11 8 2 5 9 14 11 5 6 13 7 12 9 14 10 2 7 5 5 4 8 12 7 5 2 14 10 6 14 13 10 1 6 5 1 12 9 11 4 14 13 6 3 9 12 7 3 2 3 12 10 12 11 1 14 8 2 5 2 6 2 6 11 13 8 10 9 9 10 11 13 8 6 9 6 1 13 6 10 13 7 13 1 2 11 14 3 8 4 9 12 13 6 2 12 6 6 12 13 8 12 3 12 4 5 12 4 14 13 12 2 3 3 3 9 3 11 9 10 12 8 13 11 4 11 7 14 2 3 3 11 5 13 3 6 7 4 13 2 11 8 1 5 14 4 5 6 13 4 9 3 12 8 4 11 7 1 12 5 11 9 7 12 2 14 3 12 3 7 14 14 11 7 10 4 6 8 2 10 1 9 8 14 7 1 2 12 5 12 6 8 8 13 14 13 14 12 9 7 8 2 12 13 3 14 8 1 14 1 14 6 5 4 10 2 12 9 14 7 1 2 5 12 4 11 2 4 7 4 9 14 14 4 1 10 7 7 10 8 2 1 14 11 13 1 10 6 14 13 12 12 6 9 5 12 4 5 7 5 4 11 12 8 11 14 5 1 8 5 3 9 7 11 4 14 4 13 11 14 14 2 9 14 4 9 8 9 4 11 6 14 13 4 6 3 12 10 8 1 9 14 4 13 13 10 4 2 8 11 4 1 14 4 5 3 4 3 10 9 11 8 10 5 2 14 11 1 7 7 12 11 9 2 10 3 2 2 7 4 13 9 7 1 3 11 13 7 11 8 12 10 10 6 2 4 14 1 10 5 10 8 7 12 11 8 9 14 11 12 5 3 13 13 1 13 5 7 3 10 10 12 1 1 6 2 8 5 13 7 8 6 10 14 12 2 10 5 10 14 9 2 5 3 3 5 7 5 7 1 11 6 7 10 3 2 5 9 1 9 \n",
  "stderr": [
    "{\"colors\": 17, \"time\": 0.01852}\n",
    "{\"colors\": 16, \"time\": 0.0204005}\n",
    "{\"colors\": 15, \"time\": 0.0242347}\n",
    "{\"colors\": 14, \"time\": 0.0291862}\n"
  ],
  "exit_code": 0,
  "timed_out": false
}