{
  "name": "gc_500_1",
  "final_colors": 14,
  "final_time": 0.0256426,
  "trace": [
    {
      "colors": 17,
      "time": 0.0131591,
      "elapsed": 0.0131591,
      "raw": "{\"colors\": 17, \"time\": 0.0131591}",
      "captured_at": 1783382701.44353
    },
    {
      "colors": 16,
      "time": 0.014867,
      "elapsed": 0.014867,
      "raw": "{\"colors\": 16, \"time\": 0.014867}",
      "captured_at": 1783382701.445238
    },
    {
      "colors": 15,
      "time": 0.016687,
      "elapsed": 0.016687,
      "raw": "{\"colors\": 15, \"time\": 0.016687}",
      "captured_at": 1783382701.447058
    },
    {
      "colors": 14,
      "time": 0.0256426,
      "elapsed": 0.0256426,
      "raw": "{\"colors\": 14, \"time\": 0.0256426}",
      "captured_at": 1783382701.4560137
    }
  ],
  "stdout": "14\n1 2 3 1 4 4 5 6 6 7 3 6 8 9 4 8 9 5 9 10 5 6 4 5 5 8 8 10 11 12 11 9 3 8 3 3 7 12 10 6 4 3 6 3 2 2 13 7 14 6 5 13 3 8 5 4 10 11 11 3 4 8 10 6 5 7 11 1 2 14 3 3 6 13 13 12 11 9 12 8 4 14 2 13 7 12 10 13 1 2 1 12 13 2 9 14 1 7 6 2 13 3 2 10 6 12 14 13 10 5 10 2 6 8 1 1 9 7 4 11 12 4 2 7 7 6 13 12 2 11 13 9 13 12 5 7 4 1 1 5 7 13 4 6 9 8 1 10 14 14 4 9 1 5 6 3 4 11 13 9 9 11 12 3 11 1 6 12 9 12 14 8 3 14 7 9 3 7 2 2 3 2 12 6 5 10 2 12 4 5 13 9 1 13 14 11 11 6 12 7 11 10 6 13 3 2 9 9 7 1 12 8 1 7 10 2 3 9 10 1 4 2 1 8 8 12 11 8 12 12 14 6 3 2 10 3 5 11 6 12 4 5 5 14 4 1 3 5 1 8 5 1 11 13 9 2 12 1 14 10 9 13 6 14 12 10 12 12 5 4 4 6 13 11 5 14 9 6 13 7 6 14 14 8 7 13 2 13 4 7 1 6 11 14 14 1 4 1 2 13 12 12 12 3 4 1 8 9 12 10 7 6 12 6 8 5 7 3 8 11 4 4 5 9 14 14 9 10 7 7 14 13 10 7 8 4 9 2 3 5 2 2 7 11 7 5 13 4 9 12 1 10 7 9 8 14 11 11 2 3 11 1 2 7 3 11 4 11 5 14 1 13 8 5 4 11 12 6 4 3 9 12 5 11 10 7 5 12 9 11 10 7 12 10 10 8 14 3 6 10 7 9 9 8 1 12 13 6 8 4 9 2 6 6 14 7 2 7 4 5 14 8 3 1 10 7 12 11 2 13 10 8 8 6 8 3 2 14 7 3 4 9 1 4 7 5 11 10 9 3 4 1 14 9 3 6 10 4 8 9 10 10 6 8 8 9 7 12 14 5 6 14 3 8 13 13 9 8 14 13 8 5 2 11 2 4 10 7 4 1 3 4 2 5 11 4 10 9 7 5 \n",
  "stderr": [
    "{\"colors\": 17, \"time\": 0.0131591}\n",
    "{\"colors\": 16, \"time\": 0.014867}\n",
    "{\"colors\": 15, \"time\": 0.016687}\n",
    "{\"colors\": 14, \"time\": 0.0256426}\n"
  ],
  "exit_code": 0,
  "timed_out": false
}