{
  "compile_ok": true,
  "score": [
    448,
    18572.4894107
  ],
  "all_ok": false,
  "total_colors": 448,
  "total_time": 5246.0498107,
  "timed_out": 0,
  "par2": 18572.4894107
}