{
  "name": "DSJC500.1.col",
  "final_colors": 16,
  "final_time": 9.86759,
  "trace": [
    {
      "colors": 16,
      "time": 9.86759,
      "elapsed": 9.86759,
      "raw": "{\"colors\": 16, \"time\": 9.86759}",
      "captured_at": 1783368663.3768516
    }
  ],
  "stdout": "16\n1 2 3 4 5 2 5 6 7 6 8 9 9 8 10 11 10 3 12 13 14 4 4 7 5 15 1 16 12 12 15 4 1 5 9 15 11 2 7 10 14 6 9 5 16 5 12 14 3 7 14 15 12 1 9 10 2 16 7 12 9 6 4 13 5 12 2 13 3 8 5 5 6 3 3 2 11 11 2 10 5 13 14 10 8 5 12 7 13 2 6 6 8 2 15 14 11 6 11 4 11 13 2 12 14 6 5 4 11 10 14 2 10 4 11 3 16 11 14 14 15 1 5 5 10 9 16 16 6 4 13 1 12 9 8 2 9 8 1 7 15 11 2 4 5 2 4 2 3 8 14 15 9 12 5 16 10 8 7 8 1 16 14 9 6 1 13 2 4 11 1 12 2 10 5 9 5 16 6 8 13 1 10 7 6 13 3 12 16 9 13 2 16 13 10 12 16 14 5 2 3 6 7 9 5 4 16 8 2 8 14 4 13 1 11 10 11 12 13 4 3 8 3 13 10 8 8 1 1 14 14 2 6 1 6 3 1 7 2 16 14 3 1 3 8 12 6 3 14 11 2 4 15 16 8 10 6 4 16 11 7 6 8 3 11 8 9 9 15 5 2 10 5 4 2 9 11 9 7 14 9 10 9 8 13 6 7 1 12 5 12 5 11 10 2 7 7 1 13 2 3 8 5 7 15 5 11 14 10 10 10 4 10 13 15 6 16 11 4 13 4 12 3 15 13 11 1 15 12 14 6 1 15 11 13 3 14 3 14 9 14 16 16 7 8 5 1 9 1 16 4 10 13 15 6 11 7 9 14 13 11 10 11 1 13 14 6 8 11 14 11 12 9 10 16 16 16 14 6 12 10 2 6 13 3 8 9 14 13 1 8 3 9 11 7 14 7 4 13 5 12 4 13 1 7 4 3 1 5 1 5 13 6 8 11 12 16 8 16 11 14 9 12 9 16 12 12 6 9 3 11 6 7 9 11 16 13 16 1 4 16 8 5 16 6 9 11 15 7 3 7 8 10 5 1 4 7 2 4 14 6 16 10 3 6 3 10 10 8 4 13 7 16 5 15 3 7 7 11 2 11 13 16 13 3 3 2 1 13 12 7 11 14 2 5 3 16 8 12 1 \n",
  "stderr": [
    "{\"colors\": 16, \"time\": 9.86759}\n"
  ],
  "exit_code": 0,
  "timed_out": false
}