{
  "name": "DSJR500.5.col",
  "final_colors": 59,
  "final_time": 10.0761,
  "trace": [
    {
      "colors": 60,
      "time": 10.0673,
      "elapsed": 10.0673,
      "raw": "{\"colors\": 60, \"time\": 10.0673}",
      "captured_at": 1783368663.5767539
    },
    {
      "colors": 59,
      "time": 10.0761,
      "elapsed": 10.0761,
      "raw": "{\"colors\": 59, \"time\": 10.0761}",
      "captured_at": 1783368663.585554
    }
  ],
  "stdout": "59\n1 2 3 4 1 5 6 7 8 9 10 11 12 13 14 15 16 17 18 19 20 21 22 23 13 1 8 15 7 22 14 11 17 24 25 22 26 5 9 4 14 3 17 27 9 28 4 10 3 10 24 22 29 30 31 1 25 32 33 28 11 33 25 12 34 35 22 28 36 37 38 39 25 40 6 4 18 41 28 25 30 18 11 42 2 1 28 35 28 43 44 23 45 35 11 22 6 36 15 16 46 18 47 10 3 30 28 43 3 48 40 4 9 6 30 2 27 5 4 9 15 29 33 31 45 28 49 48 12 31 50 10 24 31 46 10 4 23 49 34 35 21 11 22 9 14 44 37 25 19 49 39 42 40 1 3 38 39 51 12 33 47 25 44 6 6 23 13 30 46 52 53 26 36 14 44 28 21 2 34 34 52 15 54 21 51 35 39 14 21 21 14 55 48 51 12 24 20 12 43 39 39 15 55 56 57 47 28 10 16 50 16 5 5 5 25 35 33 42 53 21 19 15 36 7 31 36 45 23 43 51 41 54 15 57 19 27 53 56 45 32 54 43 54 7 19 19 58 5 51 34 45 13 59 20 31 33 41 56 55 55 33 17 2 29 30 47 16 54 17 25 8 32 22 47 37 36 8 59 23 42 52 58 14 9 13 48 18 36 58 59 50 20 52 57 50 4 23 32 12 45 31 37 33 58 46 52 40 43 17 26 12 32 44 39 59 58 21 16 19 32 11 12 34 49 29 41 58 24 32 38 1 38 7 24 57 46 39 26 50 50 8 33 30 38 48 55 43 8 59 54 57 19 55 51 45 42 40 34 45 6 7 53 42 49 31 3 35 53 30 23 21 43 37 37 49 52 56 59 50 49 56 20 41 36 58 50 56 56 56 52 44 45 13 58 49 20 17 37 26 21 19 7 49 32 21 42 48 24 47 52 4 1 26 8 2 51 44 52 37 58 51 43 58 2 55 38 58 58 51 49 42 55 53 26 47 13 24 16 53 41 42 13 48 39 49 42 53 27 17 48 14 51 15 54 53 2 56 41 8 40 41 16 38 18 31 37 8 59 34 31 59 48 59 50 20 32 47 16 38 5 29 15 29 20 56 3 12 12 47 54 29 41 59 27 26 27 27 46 57 \n",
  "stderr": [
    "{\"colors\": 60, \"time\": 10.0673}\n",
    "{\"colors\": 59, \"time\": 10.0761}\n"
  ],
  "exit_code": 0,
  "timed_out": false
}