{
  "name": "gc_500_3",
  "final_colors": 39,
  "final_time": 434.861,
  "trace": [
    {
      "colors": 42,
      "time": 9.4842,
      "elapsed": 9.4842,
      "raw": "{\"colors\": 42, \"time\": 9.4842}",
      "captured_at": 1783368663.0048058
    },
    {
      "colors": 41,
      "time": 21.5499,
      "elapsed": 21.5499,
      "raw": "{\"colors\": 41, \"time\": 21.5499}",
      "captured_at": 1783368675.0705059
    },
    {
      "colors": 40,
      "time": 105.367,
      "elapsed": 105.367,
      "raw": "{\"colors\": 40, \"time\": 105.367}",
      "captured_at": 1783368758.887606
    },
    {
      "colors": 39,
      "time": 434.861,
      "elapsed": 434.861,
      "raw": "{\"colors\": 39, \"time\": 434.861}",
      "captured_at": 1783369088.3816059
    }
  ],
  "stdout": "39\n1 2 3 4 5 6 7 8 5 9 10 11 12 13 14 15 8 16 17 18 19 10 18 20 21 17 8 22 4 23 12 3 24 19 2 17 25 26 20 27 1 28 3 29 11 30 4 1 6 19 15 18 5 12 31 28 18 28 16 11 16 28 32 3 9 22 13 1 8 33 34 33 5 35 10 1 11 18 31 31 28 36 27 37 29 11 2 38 4 10 11 7 32 20 6 21 31 28 32 26 28 25 35 8 23 9 38 32 15 2 18 8 32 31 16 16 19 31 4 37 14 6 12 38 25 12 29 27 34 33 9 25 13 35 10 39 26 19 13 3 38 6 3 29 28 31 39 13 16 22 14 12 17 23 29 39 27 25 39 14 10 13 3 36 28 9 12 7 34 10 37 35 31 12 6 30 17 27 23 3 1 9 3 22 36 34 38 12 26 13 31 31 7 39 25 4 7 14 15 4 6 32 9 16 27 15 17 35 28 27 17 21 4 11 7 18 24 35 25 19 7 27 38 24 20 20 15 21 22 14 26 13 37 22 29 8 31 14 29 2 36 19 7 34 1 10 11 23 21 34 30 18 9 8 26 33 25 26 12 17 36 20 4 7 3 15 4 25 25 19 35 28 30 17 11 21 23 39 38 10 18 28 26 17 32 24 36 2 3 28 37 32 9 20 2 1 24 6 36 20 26 18 33 29 24 15 30 16 20 30 31 2 20 24 22 21 22 33 22 26 36 10 39 10 37 24 2 18 20 38 10 38 33 15 34 17 22 38 38 33 31 13 15 16 23 32 8 5 21 39 5 14 19 16 31 39 27 2 32 25 5 35 24 21 7 9 2 36 34 38 27 30 34 36 20 5 21 16 30 26 12 1 23 1 34 4 32 8 15 9 7 27 30 35 12 37 35 2 13 2 6 21 32 1 26 22 35 3 5 3 32 2 27 14 23 39 22 16 27 26 33 19 30 19 1 14 13 7 25 39 21 2 35 5 30 33 13 17 14 7 39 26 19 29 25 23 11 1 37 3 9 33 10 16 37 39 38 6 35 3 4 21 8 14 37 16 25 32 17 23 37 8 17 20 25 23 34 25 9 31 29 21 18 30 5 9 20 31 37 25 11 24 36 23 28 10 37 5 27 15 \n",
  "stderr": [
    "{\"colors\": 42, \"time\": 9.4842}\n",
    "{\"colors\": 41, \"time\": 21.5499}\n",
    "{\"colors\": 40, \"time\": 105.367}\n",
    "{\"colors\": 39, \"time\": 434.861}\n"
  ],
  "exit_code": 0,
  "timed_out": false
}