{
  "name": "gc_500_1",
  "final_colors": 17,
  "final_time": 7.53782,
  "trace": [
    {
      "colors": 17,
      "time": 7.53782,
      "elapsed": 7.53782,
      "raw": "{\"colors\": 17, \"time\": 7.53782}",
      "captured_at": 1783368661.0553832
    }
  ],
  "stdout": "17\n1 2 2 3 4 5 6 7 8 9 10 7 1 9 1 11 5 1 12 6 11 13 2 14 5 11 15 13 2 12 3 16 5 7 14 4 7 12 13 12 16 5 15 3 1 9 11 14 12 3 13 15 11 4 5 12 1 2 2 15 3 4 10 15 9 17 10 5 2 16 15 16 1 4 4 12 17 11 1 6 11 13 15 3 1 3 14 9 12 9 17 12 9 15 9 3 1 17 7 15 5 14 3 13 5 4 7 16 8 14 10 6 16 2 7 17 15 5 15 17 4 17 13 7 13 2 10 14 17 16 10 3 16 9 1 4 5 10 16 4 4 15 11 5 15 10 13 1 6 17 10 14 13 16 6 10 6 2 5 6 13 11 10 11 2 14 8 17 2 16 7 2 14 11 11 6 11 9 13 10 4 6 10 14 5 10 14 13 5 15 9 2 13 5 13 7 17 3 10 6 5 6 11 7 1 9 17 3 7 9 10 1 13 14 6 17 15 4 6 17 17 9 1 10 6 9 12 5 1 6 10 17 16 5 17 14 14 12 15 2 12 3 5 12 9 1 11 14 4 9 11 1 6 8 15 13 15 13 7 2 17 10 11 15 2 9 16 11 4 2 1 10 7 10 5 6 3 13 7 7 11 16 15 6 6 17 13 2 17 8 9 8 16 3 15 17 4 4 10 3 2 17 10 11 4 12 9 13 17 16 7 16 2 15 6 11 12 15 5 6 17 2 11 9 2 7 2 3 9 12 7 10 11 5 7 7 1 2 1 14 14 13 7 14 5 3 2 1 3 9 15 14 4 8 4 17 2 2 9 16 17 16 2 11 6 14 3 6 1 17 3 5 16 7 12 1 6 16 4 13 1 2 15 16 10 14 12 9 1 1 10 8 12 14 13 5 16 1 13 16 13 11 2 9 1 4 10 8 13 14 9 10 15 15 17 9 12 15 17 4 2 11 9 6 2 15 6 7 11 5 15 11 15 4 5 17 6 16 9 11 3 1 2 5 12 14 2 14 16 7 5 14 7 1 11 17 2 5 5 10 6 14 4 14 5 6 10 14 8 16 6 15 3 5 4 1 3 5 13 10 14 7 16 13 7 9 14 15 11 14 16 5 16 15 3 7 13 11 7 13 \n",
  "stderr": [
    "{\"colors\": 17, \"time\": 7.53782}\n"
  ],
  "exit_code": 0,
  "timed_out": false
}