{
  "compile_ok": true,
  "score": [
    469,
    4823.364456925995
  ],
  "all_ok": true,
  "total_colors": 469,
  "total_time": 4823.364456925995
}