{
  "compile_ok": true,
  "score": [
    448,
    18580.8914688
  ],
  "all_ok": false,
  "total_colors": 448,
  "total_time": 5285.768668799999,
  "timed_out": 0,
  "par2": 18580.8914688
}