{
  "compile_ok": true,
  "score": [
    448,
    18576.7942727
  ],
  "all_ok": false,
  "total_colors": 448,
  "total_time": 5271.4627727,
  "timed_out": 0,
  "par2": 18576.7942727
}