{
  "name": "DSJR500.5.col",
  "final_colors": 53,
  "final_time": 454.673,
  "trace": [
    {
      "colors": 54,
      "time": 17.5858,
      "elapsed": 17.5858,
      "raw": "{\"colors\": 54, \"time\": 17.5858}",
      "captured_at": 1783361590.012769
    },
    {
      "colors": 53,
      "time": 454.673,
      "elapsed": 454.673,
      "raw": "{\"colors\": 53, \"time\": 454.673}",
      "captured_at": 1783362027.0999691
    }
  ],
  "stdout": "53\n1 2 3 4 5 6 7 8 9 10 11 12 13 14 15 16 17 7 10 18 1 19 20 21 22 9 14 23 22 10 5 24 25 26 7 27 2 19 12 28 29 2 30 30 31 32 20 5 2 1 33 5 11 17 34 35 17 17 13 28 32 29 25 20 25 14 13 29 36 3 37 4 17 38 39 28 13 22 40 34 17 4 13 41 30 35 12 17 37 42 28 42 15 38 12 43 40 36 16 6 43 24 44 27 10 27 30 4 17 33 45 8 17 46 39 3 47 20 4 43 10 29 15 38 11 24 46 28 27 48 45 1 7 38 15 27 37 49 8 23 20 26 17 42 40 31 6 45 2 37 5 13 49 45 3 4 50 28 3 51 48 23 51 22 4 40 15 20 18 44 34 41 14 22 13 52 50 5 46 18 30 9 49 36 25 8 13 24 1 25 33 2 21 53 6 36 40 8 26 37 11 20 3 28 31 9 32 1 25 25 20 37 38 6 34 42 23 14 41 6 41 6 41 50 46 41 52 7 8 44 1 45 36 21 31 34 22 32 40 51 1 36 29 28 50 23 49 27 31 20 46 23 10 15 19 29 46 32 4 21 19 21 32 53 39 44 35 30 45 5 34 8 53 1 26 33 50 45 37 48 29 49 50 2 8 23 36 24 48 22 10 48 30 18 38 53 21 35 29 47 34 27 37 53 37 52 40 38 14 16 24 47 9 50 15 25 8 42 39 9 16 19 41 52 36 53 6 39 3 16 51 53 18 24 31 29 31 25 31 8 42 23 22 26 30 11 47 33 24 47 43 34 52 39 9 48 25 27 23 7 6 39 46 7 33 38 52 46 47 19 49 51 33 21 7 11 39 43 18 16 34 21 22 11 36 15 7 5 3 18 44 14 15 33 19 26 34 10 53 25 53 48 28 14 45 36 52 10 19 24 40 11 49 11 43 30 34 25 36 45 33 44 19 51 52 22 41 52 39 5 47 26 44 35 44 26 43 6 2 50 53 29 18 42 21 11 44 32 49 16 10 35 12 24 49 32 2 47 14 10 35 16 51 41 5 38 42 48 39 50 9 18 43 40 18 26 47 3 15 51 44 50 48 51 12 12 14 26 15 15 35 47 16 38 50 11 47 29 31 46 \n",
  "stderr": [
    "{\"colors\": 54, \"time\": 17.5858}\n",
    "{\"colors\": 53, \"time\": 454.673}\n"
  ],
  "exit_code": 0,
  "timed_out": false
}