{
  "name": "DSJR500.5.col",
  "final_colors": 59,
  "final_time": 673.609,
  "trace": [
    {
      "colors": 61,
      "time": 328.313,
      "elapsed": 328.313,
      "raw": "{\"colors\": 61, \"time\": 328.313}",
      "captured_at": 1783447571.9380162
    },
    {
      "colors": 60,
      "time": 468.82,
      "elapsed": 468.82,
      "raw": "{\"colors\": 60, \"time\": 468.82}",
      "captured_at": 1783447712.4450161
    },
    {
      "colors": 59,
      "time": 673.609,
      "elapsed": 673.609,
      "raw": "{\"colors\": 59, \"time\": 673.609}",
      "captured_at": 1783447917.2340162
    }
  ],
  "stdout": "59\n1 2 3 4 5 5 6 3 7 3 8 9 10 11 12 13 12 14 15 16 17 18 14 19 20 21 22 8 23 24 25 22 26 27 15 4 13 28 29 29 30 19 31 1 32 33 2 3 7 34 31 29 35 36 37 25 15 38 39 38 28 2 36 24 40 35 6 13 33 32 11 9 41 25 33 42 18 11 21 36 29 43 33 10 44 45 36 39 12 16 42 46 22 3 22 26 35 35 32 30 47 48 11 8 19 29 49 16 48 42 50 51 43 46 52 35 7 39 1 32 19 30 24 53 30 12 29 38 54 47 15 44 46 1 4 36 12 20 21 55 47 54 2 15 41 21 47 50 39 49 51 23 25 41 21 11 56 38 57 53 5 11 15 9 24 7 21 13 39 6 6 50 27 7 16 56 44 19 40 21 43 42 41 27 30 44 9 17 19 42 29 24 28 38 27 50 4 18 49 52 44 10 4 58 49 3 55 44 40 42 49 44 33 21 8 47 54 24 2 34 43 33 25 9 30 43 9 46 19 58 44 40 51 59 52 39 38 55 47 53 1 31 58 34 56 52 46 13 55 20 22 22 5 19 20 14 22 39 59 8 32 20 36 16 53 58 25 49 56 3 36 43 45 24 26 46 5 40 56 57 52 33 26 32 55 19 9 4 35 1 12 45 8 5 46 15 2 1 16 48 55 14 55 51 59 54 45 17 31 32 18 16 12 5 37 14 35 51 21 14 26 12 25 18 31 23 18 53 50 45 28 56 41 17 50 5 27 35 55 49 27 17 23 32 56 17 47 13 34 16 47 18 51 57 31 13 42 41 17 40 46 59 36 19 52 14 51 14 37 7 11 5 58 23 48 24 53 57 52 49 45 23 20 37 41 34 51 39 3 43 50 31 56 26 20 26 4 12 20 7 49 4 38 4 50 41 16 49 6 21 18 25 51 41 10 52 20 40 44 48 53 58 30 46 59 48 19 39 27 13 28 42 38 54 58 39 10 58 59 10 15 13 34 10 56 4 40 34 38 57 31 17 58 18 10 30 59 28 50 55 54 1 57 59 27 37 48 23 54 21 43 49 8 37 27 7 57 17 14 31 57 53 45 27 23 37 37 37 4 29 5 57 57 33 45 30 55 28 48 29 \n",
  "stderr": [
    "{\"colors\": 61, \"time\": 328.313}\n",
    "{\"colors\": 60, \"time\": 468.82}\n",
    "{\"colors\": 59, \"time\": 673.609}\n"
  ],
  "exit_code": 0,
  "timed_out": false,
  "par2": 673.609
}