{
  "compile_ok": true,
  "score": [
    448,
    18582.3131861
  ],
  "all_ok": false,
  "total_colors": 448,
  "total_time": 5174.6230861,
  "timed_out": 0,
  "par2": 18582.3131861
}