{
  "compile_ok": true,
  "score": [
    448,
    18585.9695932
  ],
  "all_ok": false,
  "total_colors": 448,
  "total_time": 5291.771593199999,
  "timed_out": 0,
  "par2": 18585.9695932
}