{
  "name": "DSJR500.5.col",
  "final_colors": 55,
  "final_time": 332.626,
  "trace": [
    {
      "colors": 57,
      "time": 50.2687,
      "elapsed": 50.2687,
      "raw": "{\"colors\": 57, \"time\": 50.2687}",
      "captured_at": 1783375700.692385
    },
    {
      "colors": 56,
      "time": 65.75,
      "elapsed": 65.75,
      "raw": "{\"colors\": 56, \"time\": 65.75}",
      "captured_at": 1783375716.173685
    },
    {
      "colors": 55,
      "time": 332.626,
      "elapsed": 332.626,
      "raw": "{\"colors\": 55, \"time\": 332.626}",
      "captured_at": 1783375983.049685
    }
  ],
  "stdout": "55\n1 2 3 4 5 6 7 8 1 9 10 11 12 13 14 12 15 16 4 17 9 2 18 19 20 21 1 14 22 23 12 21 24 3 25 18 4 16 9 26 27 3 28 26 29 21 30 22 6 31 10 32 24 33 30 34 35 36 37 21 9 28 38 39 40 41 8 42 7 43 44 45 21 14 24 29 19 46 19 39 47 45 21 32 40 33 12 17 25 23 27 16 25 13 21 18 19 7 48 17 3 27 42 49 38 47 25 49 35 1 47 30 39 7 36 36 50 30 26 20 38 51 39 13 10 52 53 33 45 52 21 52 33 47 50 26 15 19 37 36 3 8 3 52 17 7 44 51 21 31 5 3 46 29 31 19 49 9 54 54 16 36 41 38 11 6 40 37 40 39 21 50 30 30 14 55 45 50 44 7 12 35 28 28 37 51 17 39 38 36 8 14 33 34 2 19 35 24 33 48 34 50 49 34 1 9 54 46 2 1 48 1 46 4 28 36 13 33 37 31 24 31 39 54 46 27 17 33 40 49 16 44 4 41 45 29 37 20 37 23 19 4 45 53 32 38 40 44 32 26 14 20 38 16 27 11 46 13 19 23 51 5 16 8 6 18 33 25 42 6 48 20 20 46 28 23 26 22 16 35 43 27 18 4 20 23 55 40 19 51 43 20 50 7 11 26 18 27 24 55 27 27 37 5 32 44 44 27 4 16 45 29 34 20 5 32 23 49 15 5 48 49 41 51 14 37 1 53 50 51 44 1 10 52 48 45 32 41 36 32 55 9 28 40 52 43 43 17 23 49 35 34 29 54 17 44 41 46 25 25 12 30 26 33 17 20 39 13 24 18 54 37 15 44 48 41 10 28 18 43 29 38 15 42 35 53 5 39 48 35 42 55 31 6 49 29 53 22 55 41 28 45 49 53 2 22 29 38 8 42 51 13 15 6 32 42 35 30 52 48 6 15 49 35 22 42 47 29 30 26 24 11 12 4 34 50 23 47 52 11 4 55 31 3 9 5 52 55 9 15 43 14 47 51 54 10 4 10 23 10 51 48 54 24 55 2 45 38 2 54 52 7 54 34 28 6 8 43 5 2 54 8 43 11 2 16 16 18 53 22 22 53 16 29 8 48 10 10 12 42 \n",
  "stderr": [
    "{\"colors\": 57, \"time\": 50.2687}\n",
    "{\"colors\": 56, \"time\": 65.75}\n",
    "{\"colors\": 55, \"time\": 332.626}\n"
  ],
  "exit_code": 0,
  "timed_out": false
}