{
  "name": "gc_500_5",
  "final_colors": 62,
  "final_time": 341.203,
  "trace": [
    {
      "colors": 65,
      "time": 23.3531,
      "elapsed": 23.3531,
      "raw": "{\"colors\": 65, \"time\": 23.3531}",
      "captured_at": 1783375673.784794
    },
    {
      "colors": 64,
      "time": 50.8162,
      "elapsed": 50.8162,
      "raw": "{\"colors\": 64, \"time\": 50.8162}",
      "captured_at": 1783375701.247894
    },
    {
      "colors": 63,
      "time": 80.9834,
      "elapsed": 80.9834,
      "raw": "{\"colors\": 63, \"time\": 80.9834}",
      "captured_at": 1783375731.4150941
    },
    {
      "colors": 62,
      "time": 341.203,
      "elapsed": 341.203,
      "raw": "{\"colors\": 62, \"time\": 341.203}",
      "captured_at": 1783375991.634694
    }
  ],
  "stdout": "62\n1 2 3 4 5 6 7 8 9 10 11 12 13 1 14 15 16 17 18 3 19 20 9 12 21 22 23 24 25 26 26 27 28 22 5 29 30 14 13 31 12 32 33 31 23 34 13 26 35 36 37 38 26 14 39 32 3 40 7 25 41 42 43 44 15 33 16 45 26 36 46 47 48 43 27 13 36 11 36 28 6 22 5 1 25 49 20 31 50 51 24 8 20 51 6 10 9 52 20 15 24 10 52 53 7 16 54 33 41 2 26 43 10 47 7 39 1 54 15 51 55 56 17 9 17 47 41 16 24 35 57 33 49 50 52 20 38 44 12 46 19 28 57 42 53 29 36 28 5 27 23 4 32 47 54 29 38 46 11 34 40 50 49 10 58 58 52 51 30 44 59 40 47 55 42 60 28 11 21 50 3 25 58 2 19 61 32 17 23 56 35 54 1 33 49 56 40 48 14 36 26 61 13 37 32 53 19 45 45 60 62 17 1 22 62 27 53 45 58 56 19 34 15 45 16 33 16 32 31 12 21 31 6 44 60 22 35 55 36 50 58 37 60 22 52 28 18 11 49 51 14 44 14 33 43 39 61 7 6 5 45 42 60 4 38 24 46 29 37 48 31 53 23 51 47 37 13 52 27 20 9 3 7 50 41 37 18 9 6 8 13 23 55 42 23 1 62 10 51 62 12 39 32 46 49 30 61 44 58 53 24 54 29 5 25 37 60 34 9 44 21 18 22 61 41 45 30 25 14 46 44 42 59 55 57 40 59 60 54 35 59 52 41 15 17 2 56 43 48 23 26 4 56 47 27 39 30 23 2 20 43 27 53 35 31 16 10 50 35 9 51 15 54 4 62 48 57 17 31 8 61 38 49 55 55 43 38 41 35 1 30 34 14 57 18 2 8 15 2 49 4 21 39 13 3 6 25 58 32 9 57 59 59 59 10 58 61 6 42 40 50 41 46 28 7 38 27 56 4 60 47 45 29 5 40 42 60 6 44 12 6 30 19 15 2 12 48 8 24 33 21 57 1 20 51 16 37 5 45 52 58 50 3 55 53 54 31 1 3 14 8 21 36 17 49 51 11 57 28 31 62 29 29 50 5 34 54 19 48 29 38 18 18 24 62 13 39 28 22 34 \n",
  "stderr": [
    "{\"colors\": 65, \"time\": 23.3531}\n",
    "{\"colors\": 64, \"time\": 50.8162}\n",
    "{\"colors\": 63, \"time\": 80.9834}\n",
    "{\"colors\": 62, \"time\": 341.203}\n"
  ],
  "exit_code": 0,
  "timed_out": false
}