{
  "name": "gc_500_3",
  "final_colors": 37,
  "final_time": 239.277,
  "trace": [
    {
      "colors": 38,
      "time": 37.1266,
      "elapsed": 37.1266,
      "raw": "{\"colors\": 38, \"time\": 37.1266}",
      "captured_at": 1783375687.5546677
    },
    {
      "colors": 37,
      "time": 239.277,
      "elapsed": 239.277,
      "raw": "{\"colors\": 37, \"time\": 239.277}",
      "captured_at": 1783375889.7050676
    }
  ],
  "stdout": "37\n1 2 3 4 5 6 7 8 4 9 10 5 7 11 12 13 14 15 16 17 18 8 19 8 3 20 4 13 14 21 18 11 22 3 23 14 20 24 20 22 25 26 17 7 11 15 7 24 23 15 9 10 14 27 9 10 23 21 28 29 28 14 6 11 25 16 28 6 1 30 5 1 5 1 31 15 32 3 8 23 30 1 3 31 33 19 17 30 17 34 26 18 1 22 28 35 10 31 36 6 35 11 32 4 24 8 9 37 17 2 27 27 19 5 31 28 10 9 11 5 13 20 29 28 10 12 11 7 23 13 27 27 29 30 2 4 36 12 10 18 15 19 10 33 14 18 22 37 26 21 24 33 20 21 21 13 18 7 32 12 29 33 11 26 23 33 25 20 28 31 18 17 7 36 19 31 33 9 22 15 32 30 5 14 18 16 20 28 22 25 23 26 2 26 2 16 32 10 6 5 17 30 6 16 37 29 24 36 26 22 29 15 36 28 35 34 21 36 31 3 29 21 22 1 2 35 30 20 37 7 13 11 23 15 35 17 3 4 16 2 9 23 1 28 12 37 6 22 16 37 36 17 25 12 21 14 20 33 1 5 20 27 6 35 37 9 21 2 27 30 35 18 2 12 34 37 21 14 22 24 32 18 32 3 26 1 12 18 26 26 27 33 19 6 34 13 24 4 17 8 34 3 4 35 25 13 8 29 8 11 36 17 32 15 25 31 14 22 18 33 37 14 13 32 31 7 25 17 22 19 2 15 30 30 10 5 25 30 19 13 29 32 32 25 28 28 3 19 12 7 24 35 33 24 9 17 19 2 8 3 9 23 4 8 29 31 25 24 27 13 34 26 36 22 4 30 1 1 27 36 6 12 3 34 10 5 36 15 10 37 9 20 19 9 17 31 32 34 26 15 26 12 17 7 35 27 11 23 37 11 29 20 35 34 26 14 24 29 34 25 19 9 37 4 34 12 32 13 8 21 31 31 14 21 22 24 15 29 3 4 6 36 1 29 33 33 24 18 21 24 15 6 8 36 25 16 30 9 35 11 16 35 27 3 24 5 33 34 1 27 21 18 9 8 6 2 5 23 21 4 7 16 37 35 11 1 18 18 37 2 20 31 19 33 17 16 13 7 22 23 \n",
  "stderr": [
    "{\"colors\": 38, \"time\": 37.1266}\n",
    "{\"colors\": 37, \"time\": 239.277}\n"
  ],
  "exit_code": 0,
  "timed_out": false
}