{
  "name": "DSJC500.1.col",
  "final_colors": 13,
  "final_time": 214.998,
  "trace": [
    {
      "colors": 14,
      "time": 0.0185284,
      "elapsed": 0.0185284,
      "raw": "{\"colors\": 14, \"time\": 0.0185284}",
      "captured_at": 1783387517.9691565
    },
    {
      "colors": 13,
      "time": 214.998,
      "elapsed": 214.998,
      "raw": "{\"colors\": 13, \"time\": 214.998}",
      "captured_at": 1783387732.948628
    }
  ],
  "stdout": "13\n1 2 3 1 4 5 6 4 3 7 3 5 8 8 2 1 7 4 7 9 10 11 5 12 8 12 2 2 1 13 9 4 3 7 11 6 12 2 6 5 3 5 6 8 11 13 7 2 9 4 5 6 11 12 1 1 9 3 4 12 10 8 10 10 4 3 7 8 1 12 1 13 10 7 13 8 3 10 6 10 6 8 9 9 7 3 12 9 10 6 13 8 8 4 9 6 3 11 7 9 5 11 9 7 6 6 12 10 12 13 12 6 3 7 12 13 5 4 2 2 10 13 6 13 13 12 7 8 3 10 8 4 7 7 6 11 7 4 9 1 2 11 5 13 5 3 11 3 11 2 2 1 6 1 11 8 12 2 13 3 1 12 9 6 3 12 9 5 10 3 3 13 1 2 12 12 6 11 12 5 4 9 10 13 8 10 6 3 12 1 3 7 2 8 7 2 11 4 12 8 2 6 5 9 13 7 9 5 12 10 7 9 11 13 3 6 10 11 8 8 3 1 4 4 3 11 2 2 13 13 2 8 12 3 3 13 9 10 9 13 2 4 7 13 4 2 12 11 2 4 12 7 5 9 10 2 10 6 9 1 5 12 2 2 1 3 8 7 5 4 13 12 4 8 9 4 6 11 10 6 5 11 2 13 8 3 4 10 12 9 9 9 6 6 5 1 2 6 4 3 9 2 8 4 5 11 7 5 6 5 13 5 12 8 5 11 12 1 8 10 7 10 9 3 11 8 8 10 7 12 8 12 9 4 7 4 4 4 7 9 6 6 13 10 7 6 13 1 13 12 4 5 13 8 10 10 9 1 7 3 7 12 1 13 4 2 3 5 5 8 12 6 5 13 13 10 9 1 12 4 1 10 13 8 9 2 11 10 7 2 10 9 8 3 1 2 3 8 8 7 12 11 13 5 7 9 13 4 5 11 12 7 5 2 3 5 1 9 3 1 10 11 11 1 12 9 2 3 11 7 2 11 9 5 1 5 3 5 12 10 2 10 3 9 13 13 5 7 6 4 8 13 13 13 7 1 8 4 1 4 11 2 6 1 13 7 1 12 2 11 11 11 11 9 12 9 7 10 5 3 8 11 9 7 8 8 7 11 11 1 2 5 5 12 6 4 12 3 1 4 \n",
  "stderr": [
    "{\"colors\": 14, \"time\": 0.0185284}\n",
    "{\"colors\": 13, \"time\": 214.998}\n"
  ],
  "exit_code": 0,
  "timed_out": false
}