{
  "compile_ok": true,
  "score": [
    474,
    3792.3770000000004
  ],
  "all_ok": true,
  "total_colors": 474,
  "total_time": 3792.3770000000004,
  "timed_out": 0,
  "par2": 3792.3770000000004
}