{
  "compile_ok": true,
  "score": [
    450,
    5015.37732382315
  ],
  "all_ok": true,
  "total_colors": 450,
  "total_time": 5015.37732382315,
  "timed_out": 0,
  "par2": 5015.37732382315
}