{
  "compile_ok": true,
  "score": [
    448,
    2463.5335538
  ],
  "all_ok": true,
  "total_colors": 448,
  "total_time": 2463.5335538
}