{
  "compile_ok": true,
  "score": [
    453,
    5046.568524970015
  ],
  "all_ok": true,
  "total_colors": 453,
  "total_time": 5046.568524970015
}