{
  "compile_ok": true,
  "score": [
    540,
    1815.498454271023
  ],
  "all_ok": true,
  "total_colors": 540,
  "total_time": 1815.498454271023
}