{
  "compile_ok": true,
  "score": [
    448,
    18603.2281001
  ],
  "all_ok": false,
  "total_colors": 448,
  "total_time": 5411.550100099999,
  "timed_out": 0,
  "par2": 18603.2281001
}