{
  "compile_ok": true,
  "score": [
    448,
    18576.487435900002
  ],
  "all_ok": false,
  "total_colors": 448,
  "total_time": 5418.2334359,
  "timed_out": 0,
  "par2": 18576.487435900002
}