{
  "compile_ok": true,
  "score": [
    473,
    3423.5069999999996
  ],
  "all_ok": true,
  "total_colors": 473,
  "total_time": 3423.5069999999996,
  "timed_out": 0,
  "par2": 3423.5069999999996
}