{
  "name": "DSJR500.5.col",
  "final_colors": 53,
  "final_time": 531.249,
  "trace": [
    {
      "colors": 54,
      "time": 24.878,
      "elapsed": 24.878,
      "raw": "{\"colors\": 54, \"time\": 24.878}",
      "captured_at": 1783400683.8688064
    },
    {
      "colors": 53,
      "time": 531.249,
      "elapsed": 531.249,
      "raw": "{\"colors\": 53, \"time\": 531.249}",
      "captured_at": 1783401190.2398064
    }
  ],
  "stdout": "53\n1 2 1 3 4 5 6 7 8 4 9 4 10 11 12 13 14 15 16 17 18 10 12 19 20 21 22 23 6 19 24 25 26 27 16 7 28 29 20 30 31 32 26 33 28 27 34 27 32 35 19 24 28 26 1 3 16 23 27 14 35 2 36 37 38 39 7 5 4 40 41 24 26 14 8 42 30 12 43 41 18 41 25 44 26 14 45 26 43 24 35 41 5 20 40 13 29 41 42 30 31 39 39 46 15 47 5 28 47 46 44 48 43 8 15 26 48 18 41 22 46 38 36 18 37 48 35 33 1 34 38 17 40 14 23 4 3 43 17 36 16 48 23 24 29 13 39 23 28 45 17 49 48 49 1 44 6 46 48 19 50 51 32 25 44 38 21 23 21 52 47 17 18 32 8 13 49 26 53 36 8 2 30 39 1 23 2 46 36 32 38 16 40 31 5 29 8 33 45 37 46 26 34 16 53 34 36 5 10 2 33 26 45 19 5 31 35 18 9 49 41 21 29 34 5 22 45 29 26 12 41 17 35 3 9 27 11 22 11 24 41 39 16 33 24 36 48 19 50 25 25 22 43 10 3 15 50 34 11 9 10 41 36 4 51 15 40 33 49 1 28 22 31 36 25 15 27 18 17 14 15 27 49 16 6 1 4 36 19 38 31 14 29 30 11 53 30 40 52 8 51 22 27 23 7 23 19 44 18 7 28 11 50 11 9 35 31 51 48 2 25 12 47 39 21 28 41 22 12 23 12 13 52 53 37 33 10 16 43 7 18 17 38 15 27 42 27 8 30 20 39 39 6 6 50 5 47 50 42 18 8 46 53 38 47 14 1 34 42 12 48 2 51 37 30 35 37 52 21 44 49 50 13 9 13 7 50 24 42 13 37 10 31 10 45 45 46 38 52 32 53 52 47 17 2 25 9 43 37 46 34 6 10 28 42 53 20 40 39 3 7 52 37 2 3 11 3 29 46 7 11 7 8 20 51 46 32 51 9 42 1 33 31 51 11 30 15 25 48 44 40 21 34 6 24 29 3 4 13 31 44 33 52 52 52 21 1 9 44 49 15 32 52 21 9 20 51 46 45 52 2 3 40 28 19 11 3 21 6 37 50 45 22 14 49 42 53 33 45 19 \n",
  "stderr": [
    "{\"colors\": 54, \"time\": 24.878}\n",
    "{\"colors\": 53, \"time\": 531.249}\n"
  ],
  "exit_code": 0,
  "timed_out": false,
  "par2": 531.249
}