{
  "name": "DSJR500.5.col",
  "final_colors": 53,
  "final_time": 335.342,
  "trace": [
    {
      "colors": 54,
      "time": 41.8503,
      "elapsed": 41.8503,
      "raw": "{\"colors\": 54, \"time\": 41.8503}",
      "captured_at": 1783363719.8796453
    },
    {
      "colors": 53,
      "time": 335.342,
      "elapsed": 335.342,
      "raw": "{\"colors\": 53, \"time\": 335.342}",
      "captured_at": 1783364013.3713453
    }
  ],
  "stdout": "53\n1 2 3 4 5 6 7 8 9 10 11 12 1 11 6 13 14 1 15 14 16 17 18 14 14 19 20 9 21 10 22 23 2 23 24 8 25 5 26 27 28 13 29 30 31 32 33 34 35 28 30 29 8 36 16 19 29 37 26 38 38 7 37 28 39 27 8 40 39 32 31 41 28 39 42 27 33 37 14 13 23 13 15 22 6 19 6 43 41 41 30 41 9 10 30 5 43 39 40 38 3 20 36 44 1 3 20 36 5 42 22 17 3 24 10 23 36 23 45 5 46 9 43 18 47 48 29 37 6 27 35 45 36 10 28 36 49 7 17 13 23 8 22 7 43 23 50 50 43 2 26 20 22 28 50 28 34 42 24 30 25 33 10 51 41 43 52 9 33 6 43 22 12 35 16 44 17 48 39 49 4 13 15 15 21 12 33 42 43 40 48 16 3 45 12 1 30 17 4 25 42 42 16 25 17 4 26 16 26 18 33 3 11 18 40 23 1 16 9 53 6 27 29 48 46 37 45 28 41 25 14 44 45 4 29 32 45 50 13 51 37 52 38 52 2 46 33 41 9 25 46 46 25 41 20 18 20 35 24 51 28 14 6 14 35 45 22 17 6 34 46 4 11 14 46 50 48 38 11 19 4 12 48 44 2 9 17 28 18 9 49 24 36 39 45 17 13 51 38 50 32 12 17 24 32 2 21 19 13 53 15 31 10 31 39 17 47 48 49 30 35 22 22 9 34 20 24 18 36 35 35 11 50 31 40 40 25 48 31 23 23 27 20 31 48 50 12 48 47 44 37 47 31 49 33 52 27 19 39 34 30 42 45 21 27 46 38 37 38 35 50 40 12 25 7 47 51 41 53 11 19 39 53 47 19 44 47 21 2 4 11 44 7 5 7 5 32 1 44 27 37 18 42 14 13 52 38 37 8 1 50 1 7 39 32 3 49 30 25 18 44 12 40 13 53 31 47 44 42 5 51 8 51 8 6 42 5 5 16 48 47 11 47 7 2 51 46 52 22 29 49 19 51 9 7 10 32 39 15 47 7 53 29 49 44 49 34 51 32 21 11 51 53 21 24 34 32 26 53 21 40 8 49 15 21 21 19 31 7 11 19 31 15 44 36 53 26 23 29 53 \n",
  "stderr": [
    "{\"colors\": 54, \"time\": 41.8503}\n",
    "{\"colors\": 53, \"time\": 335.342}\n"
  ],
  "exit_code": 0,
  "timed_out": false
}