{
  "name": "gc_500_3",
  "final_colors": 35,
  "final_time": 510.603,
  "trace": [
    {
      "colors": 36,
      "time": 37.1679,
      "elapsed": 37.1679,
      "raw": "{\"colors\": 36, \"time\": 37.1679}",
      "captured_at": 1783363715.199696
    },
    {
      "colors": 35,
      "time": 510.603,
      "elapsed": 510.603,
      "raw": "{\"colors\": 35, \"time\": 510.603}",
      "captured_at": 1783364188.634796
    }
  ],
  "stdout": "35\n1 2 3 4 5 6 6 7 8 9 10 11 12 5 13 6 14 12 15 12 16 17 18 19 20 21 21 21 16 4 19 22 16 23 20 18 24 2 25 12 9 8 26 26 27 18 1 15 16 7 8 28 23 8 14 18 21 16 20 27 14 11 29 10 6 30 31 22 1 2 1 30 28 24 28 10 19 5 7 30 14 3 24 16 32 29 24 21 4 9 3 17 10 30 17 9 4 9 13 33 22 3 29 15 4 5 24 26 24 16 10 5 14 9 9 1 7 19 25 21 33 27 31 8 19 34 27 17 18 16 6 33 14 21 22 32 29 12 27 26 32 19 4 35 3 5 32 33 20 34 35 31 9 1 23 13 23 25 28 12 33 26 13 12 18 11 5 29 18 32 20 22 14 29 2 2 32 5 32 26 3 24 22 31 34 2 35 19 8 7 29 11 28 9 13 1 33 19 8 9 25 19 26 2 18 31 21 8 16 8 2 25 23 30 21 30 31 20 32 26 34 23 8 11 15 4 32 22 29 1 2 9 25 23 1 33 20 20 15 5 14 7 11 17 16 14 28 30 5 35 6 34 31 33 35 35 25 19 29 5 6 7 23 24 26 24 4 5 3 27 29 5 27 6 23 25 14 31 17 32 15 7 19 10 10 4 5 11 34 11 10 19 30 29 26 33 3 2 15 2 7 33 26 17 20 5 15 6 7 15 4 10 14 32 28 17 16 14 4 29 11 18 17 6 1 12 3 10 34 30 23 32 32 11 21 25 6 3 34 24 7 6 2 18 28 25 2 3 17 14 17 14 19 24 27 27 31 30 33 35 13 22 20 30 2 12 35 11 7 15 23 3 11 32 13 4 35 30 1 29 4 6 4 23 30 4 24 2 12 27 23 25 10 21 20 27 6 22 26 2 34 12 10 16 24 30 21 26 13 9 25 25 16 23 12 22 31 33 28 20 17 8 31 16 25 10 24 28 21 13 15 3 34 4 8 27 22 11 35 6 18 22 24 20 11 29 4 19 17 34 1 11 10 33 29 25 32 18 2 25 28 21 7 35 27 13 20 9 34 14 31 19 8 13 15 13 18 23 13 26 17 32 30 22 4 8 33 13 25 22 27 6 10 15 34 34 21 25 28 18 \n",
  "stderr": [
    "{\"colors\": 36, \"time\": 37.1679}\n",
    "{\"colors\": 35, \"time\": 510.603}\n"
  ],
  "exit_code": 0,
  "timed_out": false
}