{
  "compile_ok": true,
  "score": [
    545,
    8466.513574012974
  ],
  "all_ok": true,
  "total_colors": 545,
  "total_time": 8466.513574012974
}