{
  "time": 8041.352000000001,
  "PAR-2": 8041.352000000001
}