{
  "compile_ok": true,
  "score": [
    448,
    18594.3664631
  ],
  "all_ok": false,
  "total_colors": 448,
  "total_time": 5333.2015630999995,
  "timed_out": 0,
  "par2": 18594.3664631
}