{
  "compile_ok": true,
  "score": [
    94,
    10156.814423153002
  ],
  "all_ok": true,
  "total_colors": 94,
  "total_time": 10156.814423153002
}