{
  "compile_ok": true,
  "score": [
    451,
    4639.161837463002
  ],
  "all_ok": true,
  "total_colors": 451,
  "total_time": 4639.161837463002,
  "timed_out": 0,
  "par2": 4639.161837463002
}