{
  "compile_ok": true,
  "score": [
    448,
    24460.851222700003
  ],
  "all_ok": false,
  "total_colors": 448,
  "total_time": 5408.6913227,
  "timed_out": 0,
  "par2": 24460.851222700003
}