{
  "name": "DSJC500.9.col",
  "final_colors": 163,
  "final_time": 274.174,
  "trace": [
    {
      "colors": 164,
      "time": 0.116411,
      "elapsed": 0.116411,
      "raw": "{\"colors\": 164, \"time\": 0.116411}",
      "captured_at": 1783374581.953959
    },
    {
      "colors": 163,
      "time": 274.174,
      "elapsed": 274.174,
      "raw": "{\"colors\": 163, \"time\": 274.174}",
      "captured_at": 1783374856.011548
    }
  ],
  "stdout": "163\n1 1 2 3 4 5 6 7 8 9 10 11 12 13 14 15 16 17 18 19 20 12 21 22 23 24 25 26 27 28 29 30 31 32 33 34 35 36 37 38 39 40 14 22 41 42 43 11 44 19 26 45 46 47 48 49 50 51 52 45 6 53 54 55 46 56 57 58 21 47 43 59 60 61 53 60 62 24 1 63 49 29 64 65 47 41 66 67 68 69 54 70 3 71 72 73 27 35 50 32 74 34 75 76 77 51 78 79 80 5 81 82 83 56 84 85 86 52 37 87 88 89 61 90 89 3 91 92 39 93 44 94 68 95 96 97 55 77 98 99 15 100 20 98 101 96 102 46 103 78 104 33 63 105 106 48 107 104 94 108 10 109 43 85 14 110 107 111 84 23 112 71 113 25 114 115 96 116 5 117 86 118 115 119 120 33 121 122 114 123 124 74 81 112 125 55 124 90 40 120 69 126 4 105 108 42 37 127 17 27 78 128 129 73 12 98 13 101 97 72 99 130 131 132 7 133 134 121 60 135 133 107 24 112 105 99 6 70 136 137 17 138 106 79 74 70 70 139 95 28 140 115 111 141 126 32 59 118 138 142 139 143 29 144 124 82 117 72 91 116 145 117 38 93 7 9 88 74 146 57 147 21 147 91 72 36 18 35 75 47 11 47 86 48 80 148 14 51 149 118 150 25 151 87 58 49 152 49 95 13 122 151 19 122 119 100 89 153 132 65 62 38 117 48 150 154 73 152 155 140 61 1 31 123 30 58 127 156 154 149 81 92 2 90 57 61 126 142 34 144 129 24 20 157 125 44 123 158 130 8 146 68 136 107 128 158 10 103 159 160 113 135 155 147 82 113 54 58 22 89 127 159 16 131 155 121 58 82 80 106 142 30 141 161 46 86 137 104 162 37 88 12 150 23 7 45 110 162 18 143 133 21 109 42 119 62 114 13 8 143 11 78 132 125 151 111 67 147 65 161 92 79 153 144 63 135 152 121 137 108 15 87 13 89 53 162 163 100 109 130 20 4 161 66 134 41 56 83 2 29 157 138 103 124 145 129 149 76 153 146 128 158 123 83 100 158 5 81 76 140 85 31 85 116 16 141 41 163 159 26 163 22 126 111 64 75 102 131 160 27 \n",
  "stderr": [
    "{\"colors\": 164, \"time\": 0.116411}\n",
    "{\"colors\": 163, \"time\": 274.174}\n"
  ],
  "exit_code": 0,
  "timed_out": false
}