{
  "name": "gc_500_5",
  "final_colors": 70,
  "final_time": 0.0364117,
  "trace": [
    {
      "colors": 70,
      "time": 0.0364117,
      "elapsed": 0.0364117,
      "raw": "{\"colors\": 70, \"time\": 0.0364117}",
      "captured_at": 1783374581.880435
    }
  ],
  "stdout": "70\n1 2 3 4 5 6 7 8 9 10 11 12 3 13 14 15 16 17 18 19 20 21 22 23 23 24 25 15 26 27 24 28 15 8 29 30 31 27 32 33 34 23 5 11 3 35 36 37 38 11 20 28 14 37 7 6 39 40 13 15 41 36 27 42 43 26 18 38 11 42 44 43 25 6 45 46 45 24 47 26 48 48 49 34 50 40 38 18 28 51 52 53 50 54 53 33 10 18 13 5 55 56 50 57 15 1 8 41 46 10 46 4 10 58 58 51 19 59 28 56 20 54 60 27 48 17 55 21 22 34 43 9 1 13 61 14 62 48 45 54 7 8 63 62 60 26 57 62 64 14 40 64 40 53 56 33 41 35 64 31 63 65 11 7 19 23 21 56 62 13 66 29 13 66 22 4 63 15 23 15 25 55 40 20 53 67 26 49 65 63 14 29 47 51 37 52 32 52 39 67 65 54 59 68 40 58 38 62 39 30 58 15 24 37 13 34 57 20 12 32 29 41 3 9 6 57 59 5 1 66 5 43 54 65 28 44 20 34 60 18 68 46 69 15 35 59 4 51 33 4 48 29 47 10 43 1 43 23 50 48 61 46 16 64 68 31 49 66 48 60 18 50 53 55 6 46 19 58 45 42 9 26 17 39 30 17 17 51 21 45 30 23 55 19 32 44 8 59 49 3 65 10 9 41 25 31 67 39 40 57 13 30 70 5 62 17 34 60 60 39 38 69 61 67 20 56 29 22 32 58 29 6 52 3 52 67 20 11 42 59 3 7 35 1 66 36 49 21 57 67 22 39 27 63 52 34 53 59 24 42 60 27 37 41 50 21 56 29 14 21 12 63 14 49 42 37 16 31 18 54 7 19 35 44 53 18 55 48 53 4 33 50 32 32 66 47 54 45 57 56 8 11 66 1 41 39 62 7 49 58 27 6 17 26 33 50 46 67 22 22 27 69 27 43 38 28 45 40 9 67 55 32 37 14 38 52 10 58 30 47 35 43 16 4 45 10 39 2 7 64 36 52 38 9 45 46 36 31 44 22 16 12 37 58 57 54 70 10 64 16 49 65 2 19 40 36 64 4 21 5 42 8 33 65 5 38 44 22 2 41 62 63 42 41 24 16 6 17 11 8 \n",
  "stderr": [
    "{\"colors\": 70, \"time\": 0.0364117}\n"
  ],
  "exit_code": 0,
  "timed_out": false
}