{
  "compile_ok": true,
  "score": [
    525,
    955.9971571099783
  ],
  "all_ok": true,
  "total_colors": 525,
  "total_time": 955.9971571099783
}