{
  "compile_ok": true,
  "score": [
    456,
    3875.509351291987
  ],
  "all_ok": true,
  "total_colors": 456,
  "total_time": 3875.509351291987,
  "timed_out": 0,
  "par2": 3875.509351291987
}