{
  "compile_ok": true,
  "score": [
    448,
    18590.2146614
  ],
  "all_ok": false,
  "total_colors": 448,
  "total_time": 5132.123361399999,
  "timed_out": 0,
  "par2": 18590.2146614
}