{
  "compile_ok": true,
  "score": [
    542,
    1586.0639992080164
  ],
  "all_ok": true,
  "total_colors": 542,
  "total_time": 1586.0639992080164
}