{
  "name": "DSJC500.1.col",
  "final_colors": 13,
  "final_time": 460.303,
  "trace": [
    {
      "colors": 16,
      "time": 0.00660884,
      "elapsed": 0.00660884,
      "raw": "{\"colors\": 16, \"time\": 0.00660884}",
      "captured_at": 1783798024.5324538
    },
    {
      "colors": 15,
      "time": 0.00921086,
      "elapsed": 0.00921086,
      "raw": "{\"colors\": 15, \"time\": 0.00921086}",
      "captured_at": 1783798024.5350559
    },
    {
      "colors": 14,
      "time": 0.0187134,
      "elapsed": 0.0187134,
      "raw": "{\"colors\": 14, \"time\": 0.0187134}",
      "captured_at": 1783798024.5445585
    },
    {
      "colors": 13,
      "time": 460.303,
      "elapsed": 460.303,
      "raw": "{\"colors\": 13, \"time\": 460.303}",
      "captured_at": 1783798484.828845
    }
  ],
  "stdout": "13\n1 2 3 4 5 1 5 4 4 6 7 7 8 8 5 3 7 2 9 1 10 2 4 9 6 9 4 2 9 10 1 11 12 2 12 1 3 12 8 3 10 2 10 13 4 6 8 9 8 1 1 13 13 11 10 12 10 4 11 1 8 6 13 6 7 12 4 6 6 11 12 6 1 4 11 11 3 2 10 7 4 13 1 1 9 13 5 4 3 6 6 13 10 7 3 11 10 10 4 11 8 8 12 7 4 6 7 4 1 12 5 13 4 6 10 3 13 11 7 5 8 3 1 12 11 5 3 10 1 12 13 4 2 12 7 3 6 4 1 11 6 5 9 11 7 3 7 7 1 13 1 6 13 7 6 8 7 1 13 10 7 5 3 1 12 11 1 5 8 2 12 3 2 11 2 8 12 10 1 4 8 11 1 3 6 8 5 4 8 13 8 9 4 2 9 2 12 7 13 9 12 11 8 13 12 7 1 7 9 12 11 13 5 4 8 3 11 10 12 4 6 11 8 2 1 5 7 1 5 5 5 6 12 3 4 5 8 3 9 6 12 3 9 9 7 11 8 7 2 5 9 8 5 4 3 5 6 13 10 9 9 8 6 8 9 10 13 8 7 3 10 8 6 7 9 11 7 8 6 7 6 8 13 7 12 12 4 4 12 13 7 11 9 8 4 2 3 11 12 9 4 8 1 2 7 2 12 9 1 13 11 6 9 10 5 13 13 5 7 9 13 12 7 7 8 10 2 6 10 8 8 1 6 9 8 5 2 6 11 1 6 9 13 6 11 10 1 6 11 4 2 10 12 4 5 3 9 4 6 11 1 9 3 10 5 5 7 8 1 1 8 11 2 12 11 5 6 13 10 3 7 11 12 13 5 5 10 5 13 7 5 2 10 9 9 12 8 13 3 6 2 7 11 7 3 9 11 9 1 10 2 10 1 9 10 12 2 9 7 13 4 10 12 6 7 2 12 8 13 3 9 13 5 11 3 7 6 10 2 13 12 11 12 5 4 13 1 11 11 2 4 8 8 13 11 3 4 3 12 3 10 4 4 8 13 8 12 1 6 6 5 6 6 9 2 2 11 3 9 2 13 3 2 12 3 2 13 6 9 2 3 10 5 10 7 13 9 3 3 8 \n",
  "stderr": [
    "{\"colors\": 16, \"time\": 0.00660884}\n",
    "{\"colors\": 15, \"time\": 0.00921086}\n",
    "{\"colors\": 14, \"time\": 0.0187134}\n",
    "{\"colors\": 13, \"time\": 460.303}\n"
  ],
  "exit_code": 0,
  "timed_out": false,
  "par2": 460.303
}