{
  "compile_ok": true,
  "score": [
    452,
    3822.6872154929824
  ],
  "all_ok": true,
  "total_colors": 452,
  "total_time": 3822.6872154929824,
  "timed_out": 0,
  "par2": 3822.6872154929824
}