{
  "compile_ok": true,
  "score": [
    448,
    18596.8187181
  ],
  "all_ok": false,
  "total_colors": 448,
  "total_time": 5277.5841181,
  "timed_out": 0,
  "par2": 18596.8187181
}