{
  "name": "gc_500_5",
  "final_colors": 68,
  "final_time": 21.0813,
  "trace": [
    {
      "colors": 70,
      "time": 0.0301335,
      "elapsed": 0.0301335,
      "raw": "{\"colors\": 70, \"time\": 0.0301335}",
      "captured_at": 1783377153.5977674
    },
    {
      "colors": 69,
      "time": 10.7144,
      "elapsed": 10.7144,
      "raw": "{\"colors\": 69, \"time\": 10.7144}",
      "captured_at": 1783377164.282034
    },
    {
      "colors": 68,
      "time": 21.0813,
      "elapsed": 21.0813,
      "raw": "{\"colors\": 68, \"time\": 21.0813}",
      "captured_at": 1783377174.648934
    }
  ],
  "stdout": "68\n1 2 3 4 5 6 7 8 9 10 11 12 3 13 14 15 16 17 18 19 20 1 21 22 22 23 19 15 24 25 23 26 15 8 27 28 29 25 30 31 32 22 33 11 3 34 35 36 37 11 20 26 14 36 7 6 38 39 13 15 40 35 25 41 42 24 18 37 11 41 43 42 44 6 45 46 47 23 48 24 49 49 5 19 50 39 46 18 26 47 51 52 50 53 52 31 10 18 13 54 55 56 50 57 15 19 8 40 46 10 46 4 10 58 58 47 19 59 26 56 4 53 60 25 49 17 55 44 21 32 42 9 1 13 13 14 61 49 45 53 7 8 62 61 60 24 57 61 63 14 39 63 39 52 56 31 2 34 63 29 62 64 11 7 65 22 44 56 61 13 66 27 13 66 21 54 62 15 22 15 59 55 39 20 52 33 24 5 64 62 14 27 48 47 36 51 30 51 38 33 64 53 59 67 39 58 37 61 38 28 58 51 23 36 13 32 57 51 12 30 27 40 40 9 6 57 59 54 1 66 54 42 53 64 26 43 20 32 60 18 67 46 65 51 34 59 4 47 31 4 49 27 48 10 42 1 42 22 50 49 7 46 16 63 67 29 5 66 49 60 18 50 52 55 6 46 19 58 45 41 9 24 17 38 28 32 17 47 44 45 28 22 55 19 1 43 8 59 5 3 64 10 9 40 68 29 33 38 39 57 29 48 68 54 61 17 32 60 60 38 37 65 16 33 20 56 27 21 30 29 27 6 51 3 51 33 20 11 41 67 3 7 34 17 66 35 5 44 57 33 21 38 25 62 26 32 52 59 23 41 42 25 36 40 50 44 56 27 14 44 12 62 14 5 41 15 16 45 18 53 7 19 34 43 16 18 55 65 52 4 31 50 30 30 66 48 53 45 57 56 8 11 66 12 40 38 61 2 5 58 25 6 17 24 31 50 46 33 21 21 25 65 25 42 37 26 68 39 9 33 55 30 36 14 37 51 10 58 28 48 34 42 16 4 45 10 38 2 7 63 35 51 37 9 45 46 35 29 43 21 16 12 36 58 57 53 54 10 63 16 5 64 2 19 39 35 63 4 44 54 41 8 31 64 26 37 43 21 2 40 61 62 41 40 23 3 6 17 11 8 \n",
  "stderr": [
    "{\"colors\": 70, \"time\": 0.0301335}\n",
    "{\"colors\": 69, \"time\": 10.7144}\n",
    "{\"colors\": 68, \"time\": 21.0813}\n"
  ],
  "exit_code": 0,
  "timed_out": false
}