{
  "name": "gc_500_3",
  "final_colors": 40,
  "final_time": 36.0649,
  "trace": [
    {
      "colors": 42,
      "time": 10.8251,
      "elapsed": 10.8251,
      "raw": "{\"colors\": 42, \"time\": 10.8251}",
      "captured_at": 1783377164.3913069
    },
    {
      "colors": 41,
      "time": 21.5636,
      "elapsed": 21.5636,
      "raw": "{\"colors\": 41, \"time\": 21.5636}",
      "captured_at": 1783377175.129807
    },
    {
      "colors": 40,
      "time": 36.0649,
      "elapsed": 36.0649,
      "raw": "{\"colors\": 40, \"time\": 36.0649}",
      "captured_at": 1783377189.6311069
    }
  ],
  "stdout": "40\n1 2 3 4 5 6 7 2 5 8 9 10 11 12 13 14 8 15 16 17 18 19 17 20 6 21 2 22 3 14 20 16 23 24 25 21 21 26 12 18 27 10 16 16 19 13 4 27 28 29 6 17 5 20 30 16 31 10 29 18 8 10 11 16 20 4 8 27 3 23 31 5 32 12 9 27 1 30 2 33 3 34 11 24 8 7 25 15 20 20 1 7 30 35 32 17 33 10 36 23 10 37 10 2 24 8 38 35 3 5 17 2 30 33 15 15 33 18 33 5 30 22 36 38 37 13 36 11 23 15 1 37 29 31 35 32 14 19 29 16 38 9 22 8 10 35 24 29 15 8 13 37 21 14 4 39 11 37 32 24 9 29 36 25 10 8 39 7 31 23 2 12 33 7 19 40 21 30 18 16 27 3 5 22 34 31 38 8 25 39 33 9 33 27 37 23 4 22 3 27 6 31 19 24 34 3 16 12 35 11 21 17 4 1 7 15 6 12 37 15 17 11 38 28 16 12 3 39 12 30 33 17 28 22 15 2 20 6 18 25 21 33 25 31 27 9 1 14 36 32 40 17 26 30 26 8 37 26 7 4 35 17 4 7 40 8 36 37 37 18 26 2 40 21 1 23 14 32 18 39 17 36 26 15 35 7 34 35 9 13 24 20 3 20 1 27 10 28 28 38 25 9 16 23 6 1 40 32 22 40 27 25 18 10 22 38 30 19 22 26 34 31 23 34 30 30 25 17 11 34 34 1 35 23 9 21 9 38 34 19 33 40 40 15 14 29 2 5 12 32 31 13 29 21 1 32 10 25 7 37 5 12 2 8 3 31 3 34 31 19 11 22 40 34 35 5 6 15 38 26 28 24 14 27 31 38 11 26 3 12 11 23 29 12 20 35 10 5 13 14 31 11 22 27 26 24 16 16 37 6 29 34 18 13 18 32 22 21 11 26 19 22 40 7 32 24 26 28 22 39 40 39 19 29 40 23 29 15 24 6 39 37 18 3 37 14 1 35 24 16 10 13 9 15 39 32 38 5 30 9 4 23 33 13 20 4 18 30 21 17 24 2 21 39 37 35 25 32 36 20 36 19 38 40 36 8 2 28 23 37 24 6 25 14 10 36 12 14 11 28 \n",
  "stderr": [
    "{\"colors\": 42, \"time\": 10.8251}\n",
    "{\"colors\": 41, \"time\": 21.5636}\n",
    "{\"colors\": 40, \"time\": 36.0649}\n"
  ],
  "exit_code": 0,
  "timed_out": false
}