{
  "compile_ok": true,
  "score": [
    2530,
    15795.79031873602
  ],
  "all_ok": false,
  "total_colors": 2530,
  "total_time": 15795.79031873602
}