{
  "time": 6816.908999999999,
  "PAR-2": 6816.908999999999
}