{
  "compile_ok": true,
  "score": [
    448,
    18617.9219586
  ],
  "all_ok": false,
  "total_colors": 448,
  "total_time": 5476.9244586,
  "timed_out": 0,
  "par2": 18617.9219586
}