{
  "compile_ok": true,
  "score": [
    2531,
    20552.835435732937
  ],
  "all_ok": false,
  "total_colors": 2531,
  "total_time": 20552.835435732937
}