{
  "compile_ok": true,
  "score": [
    448,
    18564.8245094
  ],
  "all_ok": false,
  "total_colors": 448,
  "total_time": 5212.4628094,
  "timed_out": 0,
  "par2": 18564.8245094
}