{
  "compile_ok": true,
  "score": [
    451,
    4631.876430810983
  ],
  "all_ok": true,
  "total_colors": 451,
  "total_time": 4631.876430810983
}