{
  "compile_ok": true,
  "score": [
    448,
    18565.0540548
  ],
  "all_ok": false,
  "total_colors": 448,
  "total_time": 5090.0700548,
  "timed_out": 0,
  "par2": 18565.0540548
}