{
  "compile_ok": true,
  "score": [
    452,
    4453.849253100984
  ],
  "all_ok": true,
  "total_colors": 452,
  "total_time": 4453.849253100984
}