{
  "name": "gc_500_1",
  "final_colors": 14,
  "final_time": 0.0408085,
  "trace": [
    {
      "colors": 16,
      "time": 0.0105168,
      "elapsed": 0.0105168,
      "raw": "{\"colors\": 16, \"time\": 0.0105168}",
      "captured_at": 1783791902.119246
    },
    {
      "colors": 15,
      "time": 0.0170511,
      "elapsed": 0.0170511,
      "raw": "{\"colors\": 15, \"time\": 0.0170511}",
      "captured_at": 1783791902.12578
    },
    {
      "colors": 14,
      "time": 0.0408085,
      "elapsed": 0.0408085,
      "raw": "{\"colors\": 14, \"time\": 0.0408085}",
      "captured_at": 1783791902.1495376
    }
  ],
  "stdout": "14\n1 2 3 4 1 3 5 6 7 5 8 8 5 9 8 9 1 4 2 8 10 1 2 6 11 4 12 6 3 7 13 11 8 4 8 1 4 2 8 4 12 8 2 10 6 11 11 5 14 8 8 12 10 14 7 9 13 1 3 9 2 12 11 8 3 12 3 11 11 12 8 11 6 11 3 1 6 4 5 9 2 6 10 3 5 7 14 10 8 10 9 7 7 2 10 6 1 10 12 14 4 9 3 1 13 3 6 7 7 7 3 13 1 2 4 13 1 5 3 8 11 6 10 3 8 13 14 4 5 9 4 7 13 6 7 11 12 11 10 2 2 3 1 13 2 13 1 8 9 11 14 9 13 5 3 11 6 9 2 5 14 14 8 7 1 4 6 11 11 11 4 3 9 13 12 3 4 6 4 11 4 10 14 11 12 9 9 4 1 7 8 7 1 12 6 2 6 2 11 5 12 9 14 12 5 3 3 9 4 13 14 9 9 5 2 14 1 12 6 7 2 8 12 7 11 11 1 8 8 10 14 11 5 5 8 14 5 7 1 11 3 12 9 2 2 7 2 7 2 4 5 10 9 13 13 10 3 6 8 1 7 10 4 5 3 1 7 6 7 1 13 3 12 13 2 12 13 1 12 4 3 1 3 13 4 9 4 4 12 4 1 10 9 6 2 2 2 5 6 13 13 14 14 2 3 7 11 14 14 2 3 13 1 3 9 10 12 13 12 7 2 7 9 5 14 1 1 2 8 12 1 1 8 14 13 2 14 11 8 14 7 10 1 14 5 5 13 9 6 4 14 10 11 3 12 6 10 10 5 14 4 13 11 10 5 4 2 10 1 7 6 8 14 12 9 8 2 10 10 8 9 10 5 6 3 7 5 5 7 13 9 3 6 6 6 9 14 6 13 4 4 10 14 13 6 4 13 14 4 13 8 6 12 2 5 3 12 14 1 4 7 5 6 6 8 12 11 12 11 10 5 7 4 4 12 5 12 12 8 8 3 14 10 13 1 5 7 5 7 4 12 7 8 6 9 11 14 9 13 13 2 9 9 2 4 2 4 3 2 12 8 11 6 10 5 5 7 13 13 13 2 6 12 10 11 1 7 8 11 7 4 2 12 4 5 1 10 8 4 10 \n",
  "stderr": [
    "{\"colors\": 16, \"time\": 0.0105168}\n",
    "{\"colors\": 15, \"time\": 0.0170511}\n",
    "{\"colors\": 14, \"time\": 0.0408085}\n"
  ],
  "exit_code": 0,
  "timed_out": false,
  "par2": 0.0408085
}