{
  "compile_ok": true,
  "score": [
    448,
    18591.1425283
  ],
  "all_ok": false,
  "total_colors": 448,
  "total_time": 5289.022128300001,
  "timed_out": 0,
  "par2": 18591.1425283
}